PWSID,System Name,Agency,County,Population,Service Connections,DAC Status,Survey requested funding,Survey estimated adjusted arrears,Survey 1A start?,Survey 1A complete?,App started?,App complete?,Program need?,OPP contact date,Follow up date,AC Name,AC Email,AC Phone,Aggregate reporting?,Aggregate PWSIDs,Umbrella Org,Technical assistance requested?,Reporter Name,Reporter Email,Reporter Phone
CA0110009,DUBLIN SAN RAMON SERVICES DISTRICT,DISTRICT 04 - SAN FRANCISCO,ALAMEDA,86895,24535,Non-DAC,NA,0,NA,NA,No,No,Yes,10/8/2021,DDW,DAN MARTIN,DMartin@dsrsd.com,925-875-2367,NA,NA,NA,NA,Kelly Richards,richards@dsrsd.com,925-875-2227
CA0410007,PARADISE IRRIGATION DISTRICT,DISTRICT 21 - VALLEY,BUTTE,4600,2369,SDAC,93763.46,0,NA,NA,No,No,Yes,NA,12/1/2021,TOM LANDO,tlando@paradiseirrigation.com,530-876-2034,NA,NA,NA,Y,Miranda Hillskemper,mhillskemper@paradiseirrigation.com,530-876-2036
CA0510003,"ANGELS, CITY OF",DISTRICT 10 - STOCKTON,CALAVERAS,3836,1847,DAC,106000,83182.39,NA,NA,No,No,Yes,NA,12/1/2021,MELISSA EADS,melissaeads@angelscamp.gov,209-736-2181,NA,NA,NA,Y,Christopher O'Flinn,chrisoflinn@angelscamp.gov,NA
CA0510006,CCWD - JENNY LIND,DISTRICT 10 - STOCKTON,CALAVERAS,9592,3819,DAC,58780.96,58750.96,NA,NA,No,No,Yes,NA,12/1/2021,JESSE HAMPTON,jesseh@ccwd.org,209-754-3316,NA,NA,NA,NA,Jesse Hampton,jesseh@ccwd.org,209-754-3316
CA0510016,CCWD - EBBETTS PASS,DISTRICT 10 - STOCKTON,CALAVERAS,12484,5981,SDAC,34262.34,34262.34,NA,NA,No,No,Yes,NA,12/1/2021,JESSE HAMPTON,jesseh@ccwd.org,209-754-3316,NA,NA,NA,NA,Jesse Hampton,jesseh@ccwd.org,209-754-3316
CA0510005,CCWD - WEST POINT,DISTRICT 10 - STOCKTON,CALAVERAS,988,577,SDAC,19337.73,19337.73,NA,NA,No,No,Yes,NA,12/1/2021,JESSE HAMPTON,jesseh@ccwd.org,209-754-3316,NA,NA,NA,NA,Jesse Hampton,jesseh@ccwd.org,209-754-3316
CA0510001,UNION PUBLIC UTILITY DISTRICT,DISTRICT 10 - STOCKTON,CALAVERAS,4620,1679,DAC,39685,9154.99,NA,NA,No,No,Yes,NA,12/1/2021,WILLIAM ELTRINGHAM,upudshop@att.net,209-728-3651,NA,NA,NA,Y,Elaine Urruty,adminupud@goldrush.com,209-728-3651
CA0510019,CCWD - WALLACE,DISTRICT 10 - STOCKTON,CALAVERAS,340,111,DAC,2171.3,2171.3,NA,NA,No,No,Yes,NA,12/1/2021,JESSE HAMPTON,jesseh@ccwd.org,209-754-3316,NA,NA,NA,NA,Jesse Hampton,jesseh@ccwd.org,209-754-3316
CA0510017,CCWD - COPPER COVE,DISTRICT 10 - STOCKTON,CALAVERAS,4416,2615,Non-DAC,31353.87,31353.87,NA,NA,No,No,Yes,NA,12/1/2021,JESSE HAMPTON,jesseh@ccwd.org,209-754-3316,NA,NA,NA,NA,Jesse Hampton,jesseh@ccwd.org,209-754-3316
CA0510010,VALLEY SPRINGS PUD,DISTRICT 10 - STOCKTON,CALAVERAS,900,263,Non-DAC,30000,216.1,NA,NA,No,No,Yes,NA,12/1/2021,MICHAEL FISCHER,VSPUDMANAGER@SBCGLOBAL.NET,209-772-2650,NA,NA,NA,Y,MICHAEL FISCHER,vspud@sbcglobal.net,NA
CA0707574,SANTIAGO ISLAND VILLAGE,DISTRICT 04 - SAN FRANCISCO,CONTRA COSTA,400,211,SDAC,13800,1134,NA,NA,No,No,Yes,NA,12/1/2021,AIMEE MOLSBERRY,AMOLSBERRY@SANTIAGOCORP.COM,714-744-4993,NA,NA,NA,NA,teresa gordon,siv@santiagocorp.com,NA
CA0910003,"PLACERVILLE, CITY OF - MAIN",DISTRICT 09 - SACRAMENTO,EL DORADO,10762,2795,DAC,55509.35,57509.35,NA,NA,No,No,Yes,NA,12/1/2021,NICK STONE,nstone@cityofplacerville.org,530-642-5232,NA,NA,NA,Y,Nicholas Stone,nstone@cityofplacerville.org,NA
CA1010006,CITY OF FOWLER,DISTRICT 23 - FRESNO,FRESNO,6600,1784,SDAC,140000,137000,NA,NA,No,No,Yes,NA,12/1/2021,WILMA QUAN,wquan@ci.fowler.ca.us,559-834-3113,NA,NA,NA,Y,manuel lopez,mlopez@ci.fowler.ca.us,-
CA1010019,"KINGSBURG, CITY OF",DISTRICT 23 - FRESNO,FRESNO,12002,3856,DAC,1075000,58916,NA,NA,No,No,Yes,NA,12/1/2021,DANIEL GALVEZ,dgalvez@cityofkingsburg-ca.gov,559-897-1066,NA,NA,NA,Y,Mary Colby,mecolby@cityofkingsburg-ca.gov,NA
CA1010005,FIREBAUGH CITY,DISTRICT 23 - FRESNO,FRESNO,7619,1642,SDAC,120000,51000,NA,NA,No,No,Yes,NA,12/1/2021,BEN GALLEGOS,PUBLICWORKS@CI.FIREBAUGH.CA.US; BGallegos@ci.firebaugh.ca.us,559-659-2043,NA,NA,NA,Y,NOAH  MARQUEZ,Nmarquez@ci.firebaugh.ca.us,559-694-6164
CA1000004,BELMONT WATER CORPORATION,DISTRICT 23 - FRESNO,FRESNO,264,40,Non-DAC,750,750,NA,NA,No,No,Yes,NA,12/1/2021,NIC POPE,nic@sequoiafresno.org,559-978-6562,NA,NA,NA,NA,Michael Emigh,memigh@comcast.net,559-289-1544
CA1110001,CITY OF ORLAND,DISTRICT 21 - VALLEY,GLENN,8323,2671,SDAC,1,0,NA,NA,No,No,Yes,NA,12/1/2021,ED VONASEK,Evonasek@CITYOFORLAND.COM,530-865-1611,NA,NA,NA,Y,Jennifer Schmitke,jtschmitke@cityoforland.com,530-865-1610
CA1200701,ORICK C.S.D.,DISTRICT 01 - KLAMATH,HUMBOLDT,450,141,SDAC,4000,3674,NA,NA,No,No,Yes,NA,12/1/2021,RON BARLOW,orickcsd@gmail.com,707-488-5952,NA,NA,NA,NA,Barbara Mitchell,orickcsd@gmail.com,(707) 845-4994
CA1206004,PALMER CREEK CSD,DISTRICT 01 - KLAMATH,HUMBOLDT,320,131,SDAC,2500,1706.31,NA,NA,No,No,Yes,NA,12/1/2021,ANN BOOKER,pccsd@att.net,707-725-4060,NA,NA,NA,Y,Owen Farmer,pccsd@att.net,707 725 0544
CA1210019,HYDESVILLE CO. W.D.,DISTRICT 01 - KLAMATH,HUMBOLDT,1409,432,DAC,650,650,NA,NA,No,No,Yes,NA,12/1/2021,CAMERON YAPLE,hcwd707@gmail.com; hcwd@suddenlinkmail.com,707-768-3000,NA,NA,NA,NA,Cameron Yaple,yzfrider226@yahoo.com,707-768-3000
CA1310004,"EL CENTRO, CITY OF",DISTRICT 14 - SAN DIEGO,IMPERIAL,44079,10076,SDAC,39000,78234.62,NA,NA,No,No,Yes,NA,12/1/2021,HECTOR MUNOZ,hmunoz@ci.el-centro.ca.us; hmunoz@ecpw.org,760-337-4575,NA,NA,NA,NA,Hector Munoz,hmunoz@ecpw.org,760-337-4575
CA1310013,SEELEY CWD,DISTRICT 14 - SAN DIEGO,IMPERIAL,2010,377,SDAC,20613.96,1529.16,NA,NA,No,No,Yes,NA,12/1/2021,LESLIE HILL,lhill@seeleywaterdistrict.com,760-791-4345,No,NA,NA,Y,Aaron Garcia,agarcia@seeleywaterdistrict.com,(760) 332-9059
CA1410001,"BISHOP, CITY OF",DISTRICT 13 - SAN BERNARDINO,INYO,3879,1158,DAC,60803.69,0,Yes,No,No,No,Yes,NA,12/1/2021,DESTON DISHION,Ddishion@cityofbishop.com,760-873-8458,NA,NA,NA,NA,Deston Dishion,ddishion@cityofbishop.com,(760) 873-8458
CA1510028,MIL POTRERO MWC,DISTRICT 19 - TEHACHAPI,KERN,1600,2337,Non-DAC,58740.37,58740.37,NA,NA,No,No,Yes,NA,12/1/2021,JAMES R CARRUTH,rcarruth@mpmwc.com,661-242-3230,NA,NA,NA,NA,Rob Carruth,books@mpmwc.com,661 242-3230
CA1502465,PANAMA ROAD PROPERTY OWNERS ASSOC,DISTRICT 12 - VISALIA,KERN,45,16,SDAC,4653,4838,NA,NA,No,No,Yes,NA,12/1/2021,RENEE BROOKS,renee.brooks3655@gmail.com,661-203-6551,NA,NA,NA,NA,Amber Fuller,afuller@seacotech.com,661-588-9323
CA1502056,CLARK STREET COMMUNITY WELL,DISTRICT 19 - TEHACHAPI,KERN,90,20,SDAC,3025,3025,NA,NA,No,No,Yes,NA,12/1/2021,DEBBIE EOFF,debeoff@msn.com,760-379-2604,NA,NA,NA,NA,Deborah Eoff,debeoff@msn.com,760 379-2604
CA1500364,KERNVALE MUTUAL WATER CO,DISTRICT 19 - TEHACHAPI,KERN,75,32,Missing,5000,2393,NA,NA,No,No,Yes,NA,12/1/2021,DEBBIE LOSETH,ERSKINECREEKH20@AOL.COM,760-379-8309,NA,NA,NA,NA,Debbie Loseth,ErskineCreekH20@aol.com,760-379-8309
CA1710015,HIDDEN VALLEY LAKE CSD,DISTRICT 03 - MENDOCINO,LAKE,8227,2490,Non-DAC,57612.31,90981.68,NA,NA,No,No,Yes,NA,12/1/2021,DENNIS WHITE,DWHITE@hvlcsd.org,707-987-9201EXT. 212,NA,NA,NA,Y,Hannah Davidson,hdavidson@hvlcsd.org,(707) 987-9201
CA1710022,LAKE COUNTY CSA 20 - SODA BAY,DISTRICT 03 - MENDOCINO,LAKE,2129,645,SDAC,19545.3,19545.3,NA,NA,No,No,Yes,NA,12/1/2021,SCOTT HARTER,scott.harter@lakecountyca.gov,707-263-0119,No,NA,NA,Y,Jesus Salmeron,JESUS.SALMERON@LAKECOUNTYCA.GOV,(707) 263-0119
CA1710013,CALLAYOMI COUNTY WATER DISTRICT,DISTRICT 03 - MENDOCINO,LAKE,1481,449,SDAC,10000,12092.51,NA,NA,No,No,Yes,NA,12/1/2021,TODD FIORA,ccwdoffice@att.net; toddfiora@yahoo.com,707-987-2180,NA,NA,NA,NA,Laura Pimentel,lkerrhansen@gmail.com,(707)294-7451
CA1710010,LOWER LAKE COUNTY WATER DISTRICT,DISTRICT 03 - MENDOCINO,LAKE,1355,794,SDAC,7300.34,6550.34,NA,NA,No,No,Yes,NA,12/1/2021,BILLY INMAN,general.manager@mchsi.com,"707-994-6009, 707-994-0513",NA,NA,NA,NA,Billy Inman,billy.inman@llcwd.com,(707) 994-6009
CA1700536,SUNRISE SHORE MUTUAL WATER COMPANY,DISTRICT 03 - MENDOCINO,LAKE,83,42,Non-DAC,2132,2132,NA,NA,No,No,Yes,NA,12/1/2021,BOB BISSON,bissons@charter.net,0,NA,NA,NA,NA,Robert Bisson,bissons@charter.net,805-441-6755
CA1805007,HERLONG PUBLIC UTILITY DISTRICT,DISTRICT 02 - LASSEN,LASSEN,2114,297,SDAC,12000,25365.56,NA,NA,No,No,Yes,NA,12/1/2021,SANDY RAFFELSON,sandy@herlongpud.com,530-827-3150,NA,NA,NA,NA,Sandy Raffelson,sandy@herlongpud.com,(530) 827-3150
CA1910020,EAST PASADENA WATER CO.,DISTRICT 22 - ANGELES,LOS ANGELES,9887,2988,Non-DAC,1,32919.76,NA,NA,No,No,Yes,NA,12/1/2021,LAWRENCE MORALES,LAWRENCE@EPWATER.COM,626-793-6189,NA,NA,NA,NA,Wayne Goehring,wayne@epwater.com,626-793-6189
CA1910040,"EL SEGUNDO-CITY, WATER DEPT.",DISTRICT 15 - METROPOLITAN,LOS ANGELES,16719,4973,Non-DAC,84791,31267.2,NA,NA,No,No,Yes,NA,12/1/2021,ANTHONY ESPARZA,aesparza@elsegundo.org,310-524-2746,NA,NA,NA,Y,Anthony Esparza,aesparza@elsegundo.org,(310) 524-2746
CA1910185,LOS ANGELES CWWD 36-VAL VERDE,DISTRICT 16 - CENTRAL,LOS ANGELES,5289,1384,Non-DAC,28489.96,28489.96,NA,NA,No,No,Yes,NA,12/1/2021,RUSS BRYDEN,rbryden@dpw.lacounty.gov,626-300-3300,No,NA,NA,NA,Bing Hua,bhua@dpw.lacounty.gov,626-300-3337
CA1910157,SUNNY SLOPE WATER CO.,DISTRICT 15 - METROPOLITAN,LOS ANGELES,30700,6325,Non-DAC,15000,22770.72,NA,NA,No,No,Yes,10/8/2021,12/1/2021,KEN TCHENG,Ken@sunnyslopewatercompany.com,626-287-5238,NA,NA,NA,NA,Troy Holland,sswc01_tholland@sbcglobal.net,626-287-5238
CA1910125,PICO WD,DISTRICT 07 - HOLLYWOOD,LOS ANGELES,25284,5490,DAC,29440.22,27700.7,NA,NA,No,No,Yes,NA,12/1/2021,MARK GRAJEDA,MSGRAJEDA@PICOWATERDISTRICT.NET,562-692-3756EXT. 14,NA,NA,NA,NA,Lorraine Laible,accountspayable@picowaterdistrict.net,562-692-3657
CA1900849,LLANO DEL RIO WATER COMPANY,LPA49 - LA COUNTY,LOS ANGELES,510,179,DAC,2279.92,4190.49,NA,NA,No,No,Yes,10/8/2021,12/1/2021,JOHN BLALOCK,BLALOCKJ@MSN.COM,661-944-2939,NA,NA,NA,NA,John Blalock,crystalairecc@aol.com,661-944-2939
CA1910159,TRACT 180 MUTUAL WATER CO.,DISTRICT 07 - HOLLYWOOD,LOS ANGELES,14000,1184,SDAC,1350.84,1344.84,NA,NA,No,No,Yes,NA,12/1/2021,GEORGE PEREZ,GAPTRACT180WATER@YAHOO.COM,323-771-6682,NA,NA,NA,Y,George Perez,Gaptract180water@yahoo.com,323-771-6682
CA1900154,TIERRA BONITA MUTUAL WATER,LPA49 - LA COUNTY,LOS ANGELES,75,32,SDAC,1285,1285,NA,NA,No,No,Yes,NA,12/1/2021,DOUG GAUDI,GAUDITRUCKING@GMAIL.COM,661-810-5761,NA,NA,NA,NA,Doug Gaudi,tierrabonitawater@yahoo.com,(805) 651-9710
CA1900636,EL RANCHO MOBILE HOME PARK,LPA49 - LA COUNTY,LOS ANGELES,215,76,SDAC,1,0,Yes,Yes,No,No,Yes,NA,12/1/2021,ERIC GRABOFF,eric@parkavenueam.com,714-460-5524,NA,NA,NA,NA,Kym  Lim,kym@parkavenueam.com,(949) 538-2343
CA1910152,"SOUTH GATE-CITY, WATER DEPT.",DISTRICT 22 - ANGELES,LOS ANGELES,76443,14289,DAC,NA,0,Yes,No,No,No,Yes,10/8/2021,DDW,ARTURO CERVANTES,acervantes@sogate.org,323-563-9567,NA,NA,NA,NA,Christopher Castillo,ccastillo@sogate.org,NA
CA1910246,LAND PROJECTS MUTUAL WATER CO.,DISTRICT 07 - HOLLYWOOD,LOS ANGELES,1500,544,Non-DAC,6416.11,6418.17,NA,NA,No,No,Yes,10/8/2021,12/1/2021,GABRIEL ENGELAND,WATERDOG6116@NETZERO.NET; HOUGHTONWATER@GMAIL.COM,661-948-2550,NA,NA,NA,NA,John Houghton,houghtonwater@gmail.com,6619482550
CA1910075,LOS ANGELES CWWD 21-KAGEL CANYON,DISTRICT 16 - CENTRAL,LOS ANGELES,559,250,Non-DAC,5554.25,5554.25,NA,NA,No,No,Yes,NA,12/1/2021,RUSS BRYDEN,rbryden@dpw.lacounty.gov,626-300-3300,No,NA,NA,NA,Bing Hua,bhua@dpw.lacounty.gov,626-300-3337
CA2010008,MADERA CO MD10A-MADERA RANCHOS,DISTRICT 11 - MERCED,MADERA,3172,944,Non-DAC,44371.33,44371.33,NA,NA,No,No,Yes,NA,12/1/2021,PHIL TOLER,philip.toler@co.madera.ca.gov,559-675-7811,NA,NA,NA,NA,Chad Brown,chad.brown@co.madera.ca.gov,559-517-7152
CA2010011,MADERA CO SA1-INDIAN LAKES,DISTRICT 11 - MERCED,MADERA,1562,473,Non-DAC,18376.8,18376.8,NA,NA,No,No,Yes,NA,12/1/2021,PHIL TOLER,philip.toler@co.madera.ca.gov,559-675-7811,NA,NA,NA,NA,Chad Brown,chad.brown@co.madera.ca.gov,559-517-7152
CA2010006,MADERA CO SA3-PARKSDALE,DISTRICT 11 - MERCED,MADERA,1789,542,DAC,102182.97,102182.97,NA,NA,No,No,Yes,NA,12/1/2021,PHIL TOLER,philip.toler@co.madera.ca.gov,559-675-7811,NA,NA,NA,NA,Chad Brown,chad.brown@co.madera.ca.gov,559-517-7152
CA2010004,MADERA CO CMD19-PARKWOOD,DISTRICT 11 - MERCED,MADERA,1637,496,SDAC,36481.86,36481.23,NA,NA,No,No,Yes,NA,12/1/2021,PHIL TOLER,philip.toler@co.madera.ca.gov,559-675-7811,NA,NA,NA,NA,Chad Brown,chad.brown@co.madera.ca.gov,559-517-7152
CA2000561,MD 08 NORTH FORK WATER SYSTEM,LPA50 - MADERA COUNTY,MADERA,264,75,SDAC,23023.8,23023.8,NA,NA,No,No,Yes,NA,12/1/2021,CHAD BROWN,chad.brown@madera-county.com,559-675-7820,NA,NA,NA,NA,Chad Brown,chad.brown@co.madera.ca.gov,559-517-7152
CA2000549,MD 05 MOUNTAIN RANCHES,LPA50 - MADERA COUNTY,MADERA,239,27,DAC,7033.29,11023.48,NA,NA,No,No,Yes,NA,12/1/2021,MARTY DUVALL,Marty.Duvall@madera-county.com,559-675-7811,NA,NA,NA,NA,Chad Brown,chad.brown@co.madera.ca.gov,559-517-7152
CA2000544,MADERA CO MD1-HIDDEN LAKE ESTATES,DISTRICT 11 - MERCED,MADERA,162,49,Non-DAC,11023.48,11023.48,NA,NA,No,No,Yes,NA,12/1/2021,PHIL TOLER,philip.toler@co.madera.ca.gov,559-675-7811,NA,NA,NA,NA,Chad Brown,chad.brown@co.madera.ca.gov,559-517-7152
CA2000553,MD 28 RIPPERDAN SELF HELP,LPA50 - MADERA COUNTY,MADERA,48,17,SDAC,7587.38,7587.38,NA,NA,No,No,Yes,NA,12/1/2021,MARTY DUVALL,Marty.Duvall@madera-county.com,559-675-7811,NA,NA,NA,NA,Chad Brown,chad.brown@co.madera.ca.gov,559-517-7152
CA2000724,SA 14 CHUK CHANSE SUBDIVISION,LPA50 - MADERA COUNTY,MADERA,100,31,DAC,7225.52,7225.52,NA,NA,No,No,Yes,NA,12/1/2021,MARTY DUVALL,Marty.Duvall@madera-county.com,559-675-7811,NA,NA,NA,NA,Chad Brown,chad.brown@co.madera.ca.gov,559-517-7152
CA2000757,MD 63 MEADOW SPRINGS RANCH,LPA50 - MADERA COUNTY,MADERA,300,85,DAC,3192.39,4589.69,NA,NA,No,No,Yes,NA,12/1/2021,CHAD BROWN,chad.brown@madera-county.com,559-675-7820,NA,NA,NA,NA,Chad Brown,chad.brown@co.madera.ca.gov,559-517-7152
CA2000554,MD 33 FAIRMEAD,LPA50 - MADERA COUNTY,MADERA,568,164,Non-DAC,7366.21,7366.21,NA,NA,No,No,Yes,NA,12/1/2021,MARTY DUVALL,Marty.Duvall@madera-county.com,559-675-7811,NA,NA,NA,NA,Chad Brown,chad.brown@co.madera.ca.gov,559-517-7152
CA2000728,MD 37 LA VINA,LPA50 - MADERA COUNTY,MADERA,350,100,SDAC,4476,4476,NA,NA,No,No,Yes,NA,12/1/2021,MARTY DUVALL,Marty.Duvall@madera-county.com,559-675-7811,NA,NA,NA,NA,Chad Brown,chad.brown@co.madera.ca.gov,559-517-7152
CA2000690,MD 73 QUARTZ MOUNTAIN,LPA50 - MADERA COUNTY,MADERA,375,127,Non-DAC,7097.32,7097.32,NA,NA,No,No,Yes,NA,12/1/2021,CHAD BROWN,chad.brown@madera-county.com,559-675-7820,NA,NA,NA,NA,Chad Brown,chad.brown@co.madera.ca.gov,559-517-7152
CA2000552,MD 24 TEAFORD MEADOW LAKES,LPA50 - MADERA COUNTY,MADERA,150,66,DAC,3705.57,3705.57,NA,NA,No,No,Yes,NA,12/1/2021,CHAD BROWN,chad.brown@madera-county.com,559-675-7820,NA,NA,NA,NA,Chad Brown,chad.brown@co.madera.ca.gov,559-517-7152
CA2000727,MD 36 EASTIN ARCOLA,LPA50 - MADERA COUNTY,MADERA,80,16,SDAC,2638.32,2638.32,NA,NA,No,No,Yes,NA,12/1/2021,MARTY DUVALL,Marty.Duvall@madera-county.com,559-675-7811,NA,NA,NA,NA,Chad Brown,chad.brown@co.madera.ca.gov,559-517-7152
CA2000865,MD 58 SIERRA HIGHLANDS,LPA50 - MADERA COUNTY,MADERA,75,25,SDAC,1703.98,1703.98,NA,NA,No,No,Yes,NA,12/1/2021,CHAD BROWN,chad.brown@madera-county.com,559-675-7820,NA,NA,NA,NA,Chad Brown,chad.brown@co.madera.ca.gov,559-517-7152
CA2000551,MD 07 MARINA VIEW HEIGHTS,LPA50 - MADERA COUNTY,MADERA,200,83,Non-DAC,5404.61,5404.61,NA,NA,No,No,Yes,NA,12/1/2021,CHAD BROWN,chad.brown@madera-county.com,559-675-7820,NA,NA,NA,NA,Chad Brown,chad.brown@co.madera.ca.gov,559-517-7152
CA2000729,MADERA CO SA16 SUMNER HILL-WATER SYSTEM,DISTRICT 11 - MERCED,MADERA,135,41,Non-DAC,4526.99,4526.99,NA,NA,No,No,Yes,NA,12/1/2021,PHIL TOLER,philip.toler@co.madera.ca.gov,559-675-7811,NA,NA,NA,NA,Chad Brown,chad.brown@co.madera.ca.gov,559-517-7152
CA2000557,MD 43 MIAMI CREEK KNOLLS,LPA50 - MADERA COUNTY,MADERA,100,26,Non-DAC,4143.81,4143.81,NA,NA,No,No,Yes,NA,12/1/2021,CHAD BROWN,chad.brown@madera-county.com,559-675-7820,NA,NA,NA,NA,Chad Brown,chad.brown@co.madera.ca.gov,559-517-7152
CA2000849,MD 60 DILLON ESTATES,LPA50 - MADERA COUNTY,MADERA,150,38,Non-DAC,3192.39,3192.39,NA,NA,No,No,Yes,NA,12/1/2021,CHAD BROWN,chad.brown@madera-county.com,559-675-7820,NA,NA,NA,NA,Chad Brown,chad.brown@co.madera.ca.gov,559-517-7152
CA2000851,MD 40 SUNSET RIDGE ESTATES,LPA50 - MADERA COUNTY,MADERA,150,27,Non-DAC,1929.12,1929.12,NA,NA,No,No,Yes,NA,12/1/2021,CHAD BROWN,chad.brown@madera-county.com,559-675-7820,NA,NA,NA,NA,Chad Brown,chad.brown@co.madera.ca.gov,559-517-7152
CA2000692,MD 95 RANCHOS WEST,LPA50 - MADERA COUNTY,MADERA,150,27,Non-DAC,318.37,318.37,NA,NA,No,No,Yes,NA,12/1/2021,MARTY DUVALL,Marty.Duvall@madera-county.com,559-675-7811,NA,NA,NA,NA,Chad Brown,chad.brown@co.madera.ca.gov,559-517-7152
CA2400201,VOLTA COMMUNITY SD,DISTRICT 11 - MERCED,MERCED,156,44,SDAC,1135,900,NA,NA,No,No,Yes,NA,12/1/2021,JOHN LEONARD,info@voltawater.com,209-829-3406,NA,NA,NA,NA,Scott Crist,scrist@weststarwater.com,209/827-1799
CA2500503,CALIFORNIA PINES C.S.D.,DISTRICT 01 - KLAMATH,MODOC,300,168,SDAC,3000,3990,NA,NA,No,No,Yes,NA,12/1/2021,RON SHERER,CALPINESCSD@FRONTIERNET.NET,530-233-6695,NA,NA,NA,NA,Ron Sherer,calpinescsd@frontiernet.net,530-233-2766
CA2610003,BRIDGEPORT PUD,DISTRICT 13 - SAN BERNARDINO,MONO,851,258,Non-DAC,6779.71,6266.34,NA,NA,No,No,Yes,NA,12/1/2021,LYNNETTE CAMPBELL,Bridgeportpud@gmail.com,760-932-7251,NA,NA,NA,Y,Thomas Mullinax,thomas.mullinax@yahoo.com,(909) 730-8827
CA2610001,MAMMOTH CWD,DISTRICT 13 - SAN BERNARDINO,MONO,8234,3455,DAC,204000,5279.03,NA,NA,No,No,Yes,NA,12/1/2021,MARK BUSBY,mbusby@mcwd.dst.ca.us,909-934-2596EXT. 275,NA,NA,NA,NA,Jeffrey Beatty,jbeatty@mcwd.dst.ca.us,(760) 934-2596
CA2700687,PESANTE RD WS #02,LPA57 - MONTEREY COUNTY,MONTEREY,120,40,Non-DAC,19826.95,19826.95,NA,NA,No,No,Yes,NA,12/1/2021,TOM GHIGLIOTTO,tomg76@hotmail.com,0,NA,NA,NA,NA,Russell Hatch,mcsiwatermanager@gmail.com,831-659-5360
CA2710023,TASCO SPRECKELS WATER COMPANY,DISTRICT 05 - MONTEREY,MONTEREY,1079,327,Non-DAC,14400.86,14400.86,NA,NA,No,No,Yes,NA,12/1/2021,KERRY VARNEY,kerry@taproduce.com,831-455-4500,NA,NA,NA,NA,Russell Hatch,mcsiwatermanager@gmail.com,831-659-5360
CA2701904,SAN JERARDO COOP WS,LPA57 - MONTEREY COUNTY,MONTEREY,249,67,Non-DAC,5778.23,5778.23,NA,NA,No,No,Yes,NA,12/1/2021,LYNETTE REDMAN,redmanl@co.monterey.ca.us,831-796-6038,NA,NA,NA,NA,Russell Hatch,mcsiwatermanager@gmail.com,831-659-5360
CA2701658,ARROYO CENTER WC,LPA57 - MONTEREY COUNTY,MONTEREY,130,65,Non-DAC,3162.6,3162.6,NA,NA,No,No,Yes,NA,12/1/2021,CINDA MUZYLOWSKI,MUZYX4@GMAIL.COM,831-241-1653,NA,NA,NA,NA,John Metzer,metzer@metzerfarms.com,(831) 261-6238
CA2701423,ECHO VALLEY RD WS #05,LPA57 - MONTEREY COUNTY,MONTEREY,45,16,Non-DAC,1540,1540,NA,NA,No,No,Yes,NA,12/1/2021,DAVE BURNSIDE,DAVEBURNSIDE50@YAHOO.COM,831-277-0459,NA,NA,NA,NA,Fred Nohr,fnohr@baypropertymgmt.com,831-422-5614
CA2810004,"ST. HELENA, CITY OF",DISTRICT 03 - MENDOCINO,NAPA,6152,2681,Non-DAC,212915,134815.68,NA,NA,No,No,Yes,NA,12/1/2021,CLAYTON CHURCH,cchurch@cityofsthelena.org,0,NA,NA,NA,Y,Finance Utility Billing,Finance@cityofsthelena.org,707-968-2750
CA2810005,"AMERICAN CANYON, CITY OF",DISTRICT 03 - MENDOCINO,NAPA,20990,5280,Non-DAC,190553,37998.01,NA,NA,No,No,Yes,NA,12/1/2021,DOMINIC PATRICK,dpatrick@cityofamericancanyon.org,707-258-1269,NA,NA,NA,Y,Dominic Patrick,dpatrick@cityofamericancanyon.org,(707) 704-0341
CA2910001,CITY OF GRASS VALLEY,DISTRICT 09 - SACRAMENTO,NEVADA,4947,2500,SDAC,250000,255425.1,NA,NA,No,No,Yes,NA,12/1/2021,TREVER VAN NORT,treverv@cityofgrassvalley.com,530-274-4371,NA,NA,NA,Y,Catrina Olson,colson@cityofgrassvalley.com,(530) 274-4302
CA2910002,CITY OF NEVADA CITY,DISTRICT 09 - SACRAMENTO,NEVADA,3001,1260,SDAC,19000,16071.27,NA,NA,No,No,Yes,NA,12/1/2021,JOAN PHILLIPE,joan.phillipe@nevadacityca.gov,530-265-2496,NA,NA,NA,Y,Michael Faudoa,michael.faudoa@nevadacityca.gov,(530) 265-8668
CA3010030,CITY OF SAN JUAN CAPISTRANO,DISTRICT 08 - SANTA ANA,ORANGE,37457,11401,Non-DAC,474298.42,367389.73,NA,NA,No,No,Yes,NA,12/1/2021,ERIC BAUMAN,ebauman@sanjuancapistrano.org,949-487-4312,NA,NA,NA,NA,AMY MASSEY,amassey@sanjuancapistrano.org,(949) 443-6306
CA3010023,CITY OF NEWPORT BEACH,DISTRICT 08 - SANTA ANA,ORANGE,67134,26817,Missing,243758,243757,NA,NA,No,No,Yes,NA,12/1/2021,STEFFEN CATRON,scatron@newportbeachca.gov,949-718-3402,NA,NA,NA,Y,Steffen  Catron,scatron@newportbeachca.gov,949-718-3402
CA3010042,SOUTH COAST WATER DISTRICT,DISTRICT 08 - SANTA ANA,ORANGE,34232,12347,Non-DAC,356000,27500,NA,NA,No,No,Yes,NA,12/1/2021,RICK SHINTAKU,rshintaku@scwd.org,949-499-4555EXT. 3156,NA,NA,NA,Y,Cassandra Garcia,cgarcia@scwd.org,949-342-1149
CA3010082,SERRANO WATER DISTRICT,DISTRICT 08 - SANTA ANA,ORANGE,5895,2254,Non-DAC,5000,1689.6,NA,NA,No,No,Yes,NA,12/1/2021,JERRY VILANDER,jerryv@serranowater.org,714-538-0079,NA,NA,NA,NA,Mike Mastin,swdwq@yahoo.com,714 538-0079
CA3000618,LIBERTY PARK WATER ASSOCIATION,DISTRICT 08 - SANTA ANA,ORANGE,89,27,Non-DAC,NA,0,NA,NA,No,No,N,10/8/2021,12/1/2021,ELLEN COSTELLO,COSMOCOST@YAHOO.COM,0,NA,NA,NA,N,Hung Bui,hung.bui@waterboards.ca.gov,714-558-6720
CA3110020,OLYMPIC VALLEY PSD,DISTRICT 02 - LASSEN,PLACER,1366,835,Non-DAC,67352,0,Yes,Yes,No,No,Yes,NA,12/1/2021,MICHAEL GEARY,mgeary@OVPSD.org,530-583-4692,NA,NA,NA,NA,Brandon Burks,bburks@svpsd.org,530-583-4692
CA3100011,AUBURN VALLEY COMMUNITY SERVICE DIS,LPA61 - PLACER COUNTY,PLACER,290,119,Non-DAC,7820.61,0,NA,NA,No,No,Yes,NA,12/1/2021,JIM LEIDIGH,jleidighavcsd@gmail.com,530-269-1668,NA,NA,NA,Y,Shane Burr,scburr2000@yahoo.com,(530) 277-2770
CA3210004,AMERICAN VALLEY CSD,DISTRICT 02 - LASSEN,PLUMAS,4300,1594,SDAC,20000,12202.02,NA,NA,No,No,Yes,NA,12/1/2021,JIM DOOHAN,JIM@americanvalleycsd.com,530-283-0836,NA,NA,NA,NA,Jim  Doohan,katie@quincycsd.com,530-283-0836
CA3210009,CHESTER PUBLIC U.D.,DISTRICT 02 - LASSEN,PLUMAS,2316,1251,DAC,8750,1259,NA,NA,No,No,Yes,NA,12/1/2021,ALLAN HOMME,cpud@frontiernet.net,530-258-2171,NA,NA,NA,NA,Allan Homme,cpud@frontiernet.net,(530)258-2171
CA3310074,TEMESCAL VALLEY WATER DISTRICT,DISTRICT 20 - RIVERSIDE,RIVERSIDE,19034,5662,Non-DAC,75000,164496,NA,NA,No,No,Yes,NA,12/1/2021,JEFF PAPE,JeffP@temescalvwd.com,951-277-1414,NA,NA,NA,Y,Mel McCullough,MELM@TEMESCALVWD.COM,951-277-1414  EXT 6326
CA3301529,RAMONA WATER COMPANY,LPA63 - RIVERSIDE COUNTY,RIVERSIDE,250,95,SDAC,6347.15,3729.6,NA,NA,No,No,Yes,NA,12/1/2021,LOUIS DEMARTINO,louis@louisdemartino.com,951-970-7809,NA,NA,NA,NA,Louis DeMarrtino,louis@louisdemartino.com,NA
CA3301775,HIGH VALLEYS WATER DISTRICT,DISTRICT 20 - RIVERSIDE,RIVERSIDE,762,248,SDAC,NA,2365.66,NA,NA,No,No,Yes,10/8/2021,12/1/2021,STAN HOUGHTON,SHoughton@highvalleyswater.com,951-849-2612,NA,NA,NA,NA,Stan Houghton,hvwd@msn.com,951-849-2612
CA3410014,"FOLSOM, CITY OF - MAIN",DISTRICT 09 - SACRAMENTO,SACRAMENTO,68122,20643,Non-DAC,65653.96,65653.96,NA,NA,No,No,Yes,NA,12/1/2021,TODD EISING,teising@folsom.ca.us,916-351-3502,NA,NA,NA,NA,Bryson pearson,bpearson@folsom.ca.us,(916) 461-6191
CA3410018,RIO LINDA/ELVERTA COMMUNITY WATER DIST,DISTRICT 09 - SACRAMENTO,SACRAMENTO,14381,4621,Non-DAC,13000,13078.26,NA,NA,No,No,Yes,NA,12/1/2021,TIMOTHY SHAW,GM@rlecwd.com,916-991-8891,NA,NA,NA,Y,Timothy Shaw,gm@rlecwd.com,(916) 991-8891
CA3410016,ORANGE VALE WATER COMPANY,DISTRICT 09 - SACRAMENTO,SACRAMENTO,18005,5684,Non-DAC,11754.28,11754.28,NA,NA,No,No,Yes,NA,12/1/2021,JOE DURAN,jduran@orangevalewater.com,916-988-1693,NA,NA,NA,NA,Joe Duran,Jduran@orangevalewater.com,916-988-1693
CA3410030,"FOLSOM, CITY OF - ASHLAND",DISTRICT 09 - SACRAMENTO,SACRAMENTO,3538,1079,Non-DAC,2719.47,2719.47,NA,NA,No,No,Yes,NA,12/1/2021,TODD EISING,teising@folsom.ca.us,916-351-3502,NA,NA,NA,NA,Bryson pearson,bpearson@folsom.ca.us,(916) 461-6191
CA3510003,SUNNYSLOPE COUNTY WATER DIST,DISTRICT 05 - MONTEREY,SAN BENITO,22902,6579,Non-DAC,500000,176315.88,NA,NA,No,No,Yes,NA,12/1/2021,DREW LANDER,drew@sunnyslopewater.org,831-637-4670,NA,NA,NA,NA,Rob Hillebrecht,rob@sscwd.org,831-637-4670
CA3510002,"SAN JUAN BAUTISTA, CITY OF",DISTRICT 05 - MONTEREY,SAN BENITO,2335,834,Non-DAC,90000,41546.28,NA,NA,No,No,Yes,NA,12/1/2021,DON REYNOLDS,citymanager@san-juan-bautista.ca.us,831-623-4661,NA,NA,NA,Y,Don Reynolds,citymanager@san-juan-bautista.ca.us,8315946322
CA3610055,YUCAIPA VALLEY WATER DISTRICT,DISTRICT 13 - SAN BERNARDINO,SAN BERNARDINO,51558,13462,Non-DAC,200000,225096.66,NA,NA,No,No,Yes,NA,12/1/2021,JOSEPH ZOBA,jzoba@yvwd.us,909-797-5119,NA,NA,NA,NA,Allison Edmisten,aedmisten@yvwd.us,(909) 797-5117
CA3610125,SBDNO COUNTY SERVICE AREA 70J,DISTRICT 13 - SAN BERNARDINO,SAN BERNARDINO,12513,3382,Non-DAC,144930.12,144930.12,NA,NA,No,No,Yes,NA,12/1/2021,STEVE SAMARAS,ssamaras@sdd.sbcounty.gov,760-955-9885,No,NA,NA,NA,Jared Beyeler,jbeyeler@sdd.sbcounty.gov,760-962-1505
CA3610121,SBDNO COUNTY SERVICE AREA 64,DISTRICT 13 - SAN BERNARDINO,SAN BERNARDINO,14678,3967,Non-DAC,98156.85,98156.85,NA,NA,No,No,Yes,NA,12/1/2021,STEVE SAMARAS,ssamaras@sdd.sbcounty.gov,760-955-9885,No,NA,NA,NA,Jared Beyeler,jbeyeler@sdd.sbcounty.gov,760-962-1505
CA3610053,WESTERN HEIGHTS WATER COMPANY,DISTRICT 13 - SAN BERNARDINO,SAN BERNARDINO,7521,2247,Non-DAC,6000,5235.99,NA,NA,No,No,Yes,NA,12/1/2021,MARK E. IVERSON,m.iverson@westernheightswater.org,909-790-1901,NA,NA,NA,Y,Debbie Patrick,d.patrick@westernheightswater.org,NA
CA3610052,VICTORVILLE WATER DISTRICT,DISTRICT 13 - SAN BERNARDINO,SAN BERNARDINO,124653,35605,DAC,1,4969693,NA,NA,No,No,Yes,NA,12/1/2021,ARNOLD VILLARREAL,avillarreal@victorvilleca.gov,760-955-2993,NA,NA,NA,NA,Luis Sierras,lsierras@ci.victorville.ca.us,(562) 879-3621
CA3610073,HI DESERT WD,DISTRICT 13 - SAN BERNARDINO,SAN BERNARDINO,25653,10766,SDAC,57000,53428.2,NA,NA,No,No,Yes,NA,12/1/2021,TONY CULVER,tonyc@hdwd.com,760-365-8152,NA,NA,NA,Y,Jonathan Abadesco,jonathana@hdwd.com,760-228-6281
CA3610026,SBDNO COUNTY SERVICE AREA 70 CEDAR GLEN,DISTRICT 13 - SAN BERNARDINO,SAN BERNARDINO,1236,342,SDAC,21106.11,21106.11,NA,NA,No,No,Yes,NA,12/1/2021,STEVE SAMARAS,ssamaras@sdd.sbcounty.gov,760-955-9885,No,NA,NA,NA,Jared Beyeler,jbeyeler@sdd.sbcounty.gov,760-962-1505
CA3600226,CSA 70-F MORONGO,LPA66 - SAN BERNARDINO COUNTY,SAN BERNARDINO,450,83,DAC,12188.61,12188.61,NA,NA,No,No,Yes,NA,12/1/2021,STEVE SAMARAS,ssamaras@sdd.sbcounty.gov,760-955-9885,No,NA,NA,NA,Jared Beyeler,jbeyeler@sdd.sbcounty.gov,760-962-1505
CA3610014,"COLTON, CITY OF",DISTRICT 13 - SAN BERNARDINO,SAN BERNARDINO,55430,15231,DAC,NA,0,NA,NA,No,No,Yes,10/8/2021,DDW,ISAAC MORA,imora@coltonca.gov,909-370-6163,Yes,CA3610014,City of Colton,NA,Mike Cory,mcory@coltonca.gov,909-370-6101
CA3710014,"OCEANSIDE, CITY OF",DISTRICT 08 - SANTA ANA,SAN DIEGO,178021,44372,Non-DAC,452639,452639,NA,NA,No,No,Yes,NA,12/1/2021,LORI RIGBY,lrigby@oceansideca.org,760-435-5912,NA,NA,NA,NA,Sarah Davis,sdavis@oceansideca.org,(760) 435-5830
CA3710029,OLIVENHAIN MWD,DISTRICT 14 - SAN DIEGO,SAN DIEGO,86997,22623,Non-DAC,125000,121401.25,NA,NA,No,No,Yes,NA,12/1/2021,KIM THORNER,KTHORNER@OLIVENHAIN.COM,760-753-6466,NA,NA,NA,NA,Leo Mendez,lmendez@olivenhain.com,760-632-4652
CA3701184,BUTTERFIELD RANCH,LPA67 - SAN DIEGO COUNTY,SAN DIEGO,350,75,SDAC,150000,70000,NA,NA,No,No,Yes,NA,12/1/2021,DAVID GRICE,davegrice@att.net,760-798-2092,NA,NA,NA,NA,Vincent Molina,vpaulm55@gmail.com,(1619) 318-8620
CA3910007,"RIPON, CITY OF",DISTRICT 10 - STOCKTON,SAN JOAQUIN,16292,4941,Non-DAC,27859,27858.93,NA,NA,No,No,Yes,NA,12/1/2021,JAMES PEASE,jpease@cityofripon.org,209-599-2108,NA,NA,NA,NA,James Pease,jpease@cityofripon.org,209-599-2108
CA3910003,"ESCALON, CITY OF",DISTRICT 10 - STOCKTON,SAN JOAQUIN,7478,2495,Non-DAC,12250,12246.6,NA,NA,No,No,Yes,NA,12/1/2021,TAMMY ALCANTOR,talcantor@cityofescalon.org,209-691-7400,NA,NA,NA,NA,Tammy Alcantor,talcantor@cityofescalon.org,2096917421
CA3910022,LITTLE POTATO SLOUGH MUTUAL,DISTRICT 10 - STOCKTON,SAN JOAQUIN,950,202,DAC,1162,1060.84,NA,NA,No,No,Yes,NA,12/1/2021,DENYSE ARNERICH,denysearnerich@yahoo.com; denyse@lpswaterco.com,209-339-1602,NA,NA,NA,NA,Denyse Arnerich,denysearnerich@yahoo.com,(209) 482-8559
CA3910023,OAKWOOD LAKE WATER DISTRICT-SUBDIVISION,DISTRICT 10 - STOCKTON,SAN JOAQUIN,1304,391,Non-DAC,3615,583.2,NA,NA,No,No,Yes,NA,12/1/2021,BERT MICHALCZYK,bert.michalczyk@gmail.com,925-570-8830,NA,NA,NA,NA,Casey Wichert,casey.wichert@gmail.com,209.483.5525
CA4010014,CAMBRIA COMM SERVICES DIST,DISTRICT 06 - SANTA BARBARA,SAN LUIS OBISPO,6032,4034,Non-DAC,50000,138749.87,NA,NA,No,No,Yes,NA,12/1/2021,JOHN F. WEIGOLD IV,jweigold@cambriacsd.org,805-927-6223,NA,NA,NA,NA,James Green,jgreen@cambriacsd.org,(805) 927-6250
CA4010901,SLOCSA #10A - CAYUCOS,DISTRICT 06 - SANTA BARBARA,SAN LUIS OBISPO,857,771,Non-DAC,22838.03,22838.03,NA,NA,No,No,Yes,NA,12/1/2021,FAITH ZENKER,fzenker@co.slo.ca.us,805-781-1576,No,NA,NA,Y,Laura Holder,lholder@co.slo.ca.us,(805) 781-5135
CA4010012,HERITAGE RANCH CSD,DISTRICT 06 - SANTA BARBARA,SAN LUIS OBISPO,3428,1944,Non-DAC,NA,13210.2,NA,NA,No,No,Yes,10/8/2021,12/1/2021,SCOTT DUFFIELD,scott@heritageranchcsd.ca.gov,805-227-6230,NA,NA,NA,NA,Scott Duffield,scott@heritageranchcsd.ca.gov,805-227-6230
CA4010019,TEMPLETON CSD,DISTRICT 06 - SANTA BARBARA,SAN LUIS OBISPO,9322,2938,Non-DAC,3800,3981.97,NA,NA,No,No,Yes,NA,12/1/2021,JEFF BRILTZ,jbriltz@templetoncsd.org,805-434-4820,NA,NA,NA,NA,William Sprague,fsprague@templetoncsd.org,NA
CA4010028,SLO CSA NO. 16 - SHANDON,DISTRICT 06 - SANTA BARBARA,SAN LUIS OBISPO,1295,340,SDAC,20449.76,20449.76,NA,NA,No,No,Yes,NA,12/1/2021,FAITH ZENKER,fzenker@co.slo.ca.us,805-781-1576,No,NA,NA,Y,Faith Zenker,FZenker@co.slo.ca.us,805-781-1576
CA4000653,RANCHO COLINA MOBILE HOME PARK,LPA70 - SAN LUIS OBISPO COUNTY,SAN LUIS OBISPO,250,126,Non-DAC,241.11,241.11,NA,NA,No,No,Yes,NA,12/1/2021,NATASHA WETZEL,me_toshua@yahoo.com,805-772-3414,NA,NA,NA,NA,Steve MacElvaine,smacelvaine@live.com,805-772-3414
CA4100510,REDWOOD TERRACE MUTUAL,DISTRICT 17 - SANTA CLARA,SAN MATEO,43,16,Non-DAC,5000,5400,NA,NA,No,No,Yes,NA,12/1/2021,KURT ELVERT,kurtelvert@gmail.com,408-489-8595,NA,NA,NA,NA,Kurt Elvert,kurtelvert@gmail.com,408-489-8595
CA4210013,SOLVANG WATER DIVISION,DISTRICT 06 - SANTA BARBARA,SANTA BARBARA,5771,2189,Non-DAC,64000,58026.32,NA,NA,No,No,Yes,NA,12/1/2021,MIKE MATHEWS,mikem@cityofsolvang.com,805-588-4424,NA,NA,NA,Y,KRISTIN RUBIN,kristinr@cityofsolvang.com,805-688-5575
CA4200556,FOSTER ROAD MUTUAL WATER COMPANY,LPA72 - SANTA BARBARA COUNTY,SANTA BARBARA,150,49,Non-DAC,8633,9515,NA,NA,No,No,Yes,NA,12/1/2021,JAMES KAUFMAN,JKAUFMANNATMCA@AOL.COM,805-934-0504,NA,NA,NA,Y,Robert Walling,rcwalling@gmail.com,(805) 470-0462
CA4210019,MISSION HILLS CSD,DISTRICT 06 - SANTA BARBARA,SANTA BARBARA,3560,1271,Non-DAC,7936,7944.79,NA,NA,No,No,Yes,NA,12/1/2021,JERRY GRUBER,jg@mhcsd.org,805-733-4366,NA,NA,NA,NA,Javier  Rodriguez,jr@mhcsd.org,(805) 280-3562
CA4310009,CITY OF PALO ALTO,DISTRICT 17 - SANTA CLARA,SANTA CLARA,69397,19377,Non-DAC,301335,301334,NA,NA,No,No,Yes,NA,12/1/2021,TOMM MARSHALL,tomm.marshall@cityofpaloalto.org,650-566-4506,NA,NA,NA,NA,John Reinert,john.reinert@cityofpaloalto.org,650-496-6967
CA4400595,VILLA DEL MONTE MWC,DISTRICT 05 - MONTEREY,SANTA CRUZ,419,127,Non-DAC,10623,10623.14,NA,NA,No,No,Yes,NA,12/1/2021,MIKE MILLER,mike@vdmwater.com,408-348-4792,NA,NA,NA,NA,Mike Miller,atsunset2@verizon.net,NA
CA4400526,BIG REDWOOD PARK WATER,LPA74 - SANTA CRUZ COUNTY,SANTA CRUZ,130,65,Non-DAC,2050,2050,NA,NA,No,No,Yes,10/8/2021,12/1/2021,WALDO BURFORD,waldoburford@gmail.com,408-621-1712,NA,NA,NA,NA,waldo burford,waldoburford@gmail.com,(408) 621-1712
CA4400652,"CATHEDRAL HILLS MWC, INC",LPA74 - SANTA CRUZ COUNTY,SANTA CRUZ,60,25,Non-DAC,2000,1623.89,NA,NA,No,No,Yes,NA,12/1/2021,PETER GOETZ,pgoetz517@gmail.com,831-688-8096,NA,NA,NA,Y,Shawn Mixan,shawn@weber-hayes.com,(831) 708-1755
CA4510001,CITY OF ANDERSON,DISTRICT 02 - LASSEN,SHASTA,11147,3339,SDAC,20000,14640.21,NA,NA,No,No,Yes,NA,12/1/2021,MATTHEW BAKER,mbaker@ci.anderson.ca.us,530-378-6636,NA,NA,NA,Y,Peter Wickenheiser,pwickenheiser@ci.anderson.ca.us,(530) 378-6641
CA4510007,COTTONWOOD COUNTY WATER DIST.,DISTRICT 02 - LASSEN,SHASTA,3316,1226,SDAC,1,0,NA,NA,No,No,Yes,NA,12/1/2021,JOHN HOLLMER,cottonwoodwaterdistrict@gmail.com;,530-347-3472,NA,NA,NA,NA,John Hollmer,cottonwoodwaterdistrict@gmail.com,(530) 941-4274
CA4710006,MCCLOUD C.S.D.,DISTRICT 01 - KLAMATH,SISKIYOU,1300,728,SDAC,17338.16,6155.84,NA,NA,No,No,Yes,NA,12/1/2021,AMOS MCABIER,amos@ci.mccloudcsd.ca.us,530-964-2017,NA,NA,NA,NA,Richard Fesler,richie@ci.mccloudcsd.ca.us,(530) 964-2017
CA4710004,"ETNA, CITY OF",DISTRICT 01 - KLAMATH,SISKIYOU,720,410,DAC,5000,0,Yes,No,No,No,Yes,NA,12/1/2021,KRISTINA HARGROVE,kris.hargrove@cityofetna.org,530-467-5256,NA,NA,NA,Y,DANIEL BURBANK,etnacitypwd@gmail.com,530-598-2286
CA4910017,"WINDSOR, TOWN OF",DISTRICT 18 - SONOMA,SONOMA,28397,8965,Non-DAC,405166.74,101404.48,NA,NA,No,No,Yes,NA,12/1/2021,MICHAEL CAVE,MCAVE@TOWNOFWINDSOR.COM,707-838-5309,NA,NA,NA,NA,Jenny Alton,jalton@townofwindsor.com,NA
CA5010014,"OAKDALE, CITY OF",DISTRICT 10 - STOCKTON,STANISLAUS,22348,7932,Non-DAC,185000,51497.73,NA,NA,No,No,Yes,NA,12/1/2021,CODY BRIDGEWATER,cbridgewater@ci.oakdale.ca.us,209-845-3600,NA,NA,NA,Y,Cody Bridgewater,cbridgewater@ci.oakdale.ca.us,209-845-3616
CA5010028,"CERES, CITY OF",DISTRICT 10 - STOCKTON,STANISLAUS,48706,12055,DAC,500000,1205280.5,NA,NA,No,No,Yes,NA,12/1/2021,JEREMY DAMAS,jeremy.damas@ci.ceres.ca.us,209-538-5717,NA,NA,NA,Y,Angelica Gonsalves,angelica.gonsalves@ci.ceres.ca.us,(209) 538-5688
CA5010013,CITY OF NEWMAN-WATER DEPARTMENT,DISTRICT 10 - STOCKTON,STANISLAUS,11784,3525,DAC,210500,45055.75,NA,NA,No,No,Yes,NA,12/1/2021,KATHRYN REYES,kreyes@cityofnewman.com,209-862-4448,NA,NA,NA,Y,Terry Barques,tbarques@cityofnewman.com,209-243-2352
CA5110007,SUTTER COMMUNITY S.D.,DISTRICT 21 - VALLEY,SUTTER,2904,1080,DAC,15631.65,11036.25,NA,NA,No,No,Yes,NA,12/1/2021,LELAND CORRELL,sutterwater@aol.com,530-755-1733,NA,NA,NA,NA,Leland Correll,sutterwater@aol.com,530-755-1733
CA5210001,CITY OF CORNING,DISTRICT 21 - VALLEY,TEHAMA,7663,2378,SDAC,NA,0,NA,NA,No,No,Yes,10/8/2021,12/1/2021,ROBIN KAMPMANN,rkampmann@corning.org,530-824-7025,NA,NA,NA,NA,Angel Garman,angela@corning.org,(530) 824-7029
CA5403144,ALI MUTUAL WATER CO,DISTRICT 24 - TULARE,TULARE,39,13,Non-DAC,3850,3850,NA,NA,No,No,Yes,NA,12/1/2021,DARREN ISCH,av8nlo@yahoo.com,559-361-0793,NA,NA,NA,Y,Reid Johnson,rj.jol2@gmail.com,(209) 629-9220
CA5410021,EARLIMART PUD,DISTRICT 24 - TULARE,TULARE,8800,1545,SDAC,15561.3,24699,NA,NA,No,No,Yes,NA,12/1/2021,RACHEL GARCIA,epud@sbcglobal.net,661-849-2663,NA,NA,NA,Y,Rachel Garcia,epud@sbcglobal.net,1-661849-2663
CA5403023,DELFT COLONY WATER,DISTRICT 24 - TULARE,TULARE,454,99,SDAC,9830,1828.25,NA,NA,No,No,Yes,NA,12/1/2021,ANDRES PEREZ,aperez3@co.tulare.ca.us,559-624-7191,NA,NA,NA,NA,Andres Perez,APerez3@co.tulare.ca.us,NA
CA5400655,CENTRAL MUTUAL WATER CO,DISTRICT 24 - TULARE,TULARE,119,41,SDAC,3750,1750,NA,NA,No,No,Yes,NA,12/1/2021,PAULETTE CARPENTER,paulette_carpenter@excite.com,559-269-2626,NA,NA,NA,NA,Paulette Carpenter,paulette_carpenter@excite.com,(559) 269-2626
CA5410007,LSID - TONYVILLE,DISTRICT 12 - VISALIA,TULARE,500,52,SDAC,NA,0,NA,NA,No,No,Yes,10/8/2021,12/1/2021,CRAIG WALLACE,cwallace@lsid.org,559-562-2581,Yes,CA5410007,Lindsay-Strathmore Irrigation District,NA,Mike Cosenza,mcosenza@lsid.org,(559) 562-2581
CA5510001,TUD - SONORA/JAMESTOWN WATER SYSTEM,DISTRICT 11 - MERCED,TUOLUMNE,10396,5053,SDAC,233456,81739,NA,NA,No,No,Yes,NA,12/1/2021,DON PERKINS,dperkins@tuolumneutilities.com,209-532-5536EXT. 524,Yes,CA5510001,Tuolumne Utilities District,NA,Makayla Dillon,mdillon@tudwater.com,NA
CA5510009,GROVELAND COMMUNITY SERV DIST,DISTRICT 11 - MERCED,TUOLUMNE,3400,3255,DAC,28250,28233.19,NA,NA,No,No,Yes,NA,12/1/2021,PETER KAMPA,pkampa@gcsd.org,209-962-7161,NA,NA,NA,Y,Renee Van Dyk,rvandyk@gcsd.org,(209) 962-7161
CA5510005,TWAIN HARTE COMMUNITY SERVICES DISTRICT,DISTRICT 11 - MERCED,TUOLUMNE,2226,1572,DAC,3211.67,3211.67,NA,NA,No,No,Yes,NA,12/1/2021,TOM TROTT,ttrott@twainhartecsd.com,209-586-2172,NA,NA,NA,Y,Lewis Giambruno,lgiambruno@twainhartecsd.com,(209) 586-4988
CA5610043,OAK PARK WATER SERVICE,DISTRICT 06 - SANTA BARBARA,VENTURA,12200,4591,Non-DAC,124300,124300,NA,NA,No,No,Yes,NA,12/1/2021,RICHARD JONES,richardjones@vrsd.com,805-658-4648,NA,NA,NA,NA,Richard Jones,richardjones@vrsd.com,805-658-4648
CA5610039,CHANNEL ISLANDS BEACH CSD,DISTRICT 06 - SANTA BARBARA,VENTURA,4861,1866,Non-DAC,27704.39,24096.95,NA,NA,No,No,Yes,NA,12/1/2021,PETER MARTINEZ,pmartinez@cibcsd.com,805-985-6021,NA,NA,NA,NA,Jesus Navarro,jnavarro@cibcsd.com,805-985-6021
CA5610058,CRESTVIEW MUTUAL WATER CO,DISTRICT 06 - SANTA BARBARA,VENTURA,2040,620,Non-DAC,0.01,22080,NA,NA,No,No,Yes,NA,12/1/2021,ROBERT ERANIO,reranio.crestview@live.com,805-482-2001,NA,NA,NA,NA,Robert Eranio,reranio@hotmail.com,805-482-2001
CA5610005,MEINERS OAKS CWD,DISTRICT 06 - SANTA BARBARA,VENTURA,4200,1248,Non-DAC,11000,11882.99,NA,NA,No,No,Yes,NA,12/1/2021,SUMMER WARD,summer@meinersoakswater.com,805-646-2114,NA,NA,NA,Y,Summer Ward,summer@meinersoakswater.com,805-646-2114
CA5610011,CITY OF SANTA PAULA,DISTRICT 06 - SANTA BARBARA,VENTURA,29321,7508,DAC,1346974.83,435005.88,NA,NA,No,No,Yes,NA,12/1/2021,CLETE SAUNIER,csaunier@spcity.org,805-933-4212,Yes,NA,City of Santa Paula Water Division,Y,Jose Ramirez Almazan,jalmazan@spcity.org,(805) 933-4282
CA5610002,FILLMORE WATER DEPT,DISTRICT 06 - SANTA BARBARA,VENTURA,15222,3917,DAC,322000,89941.32,NA,NA,No,No,Yes,10/8/2021,12/1/2021,DAVID SMALLWOOD,dsmallwood@ci.fillmore.ca.us,805-524-3701,NA,NA,NA,Y,David Burkhart,davidb@ci.fillmore.ca.us,"805-524-1500, x236, but working from home due to pandemic"
CA5610029,VINEYARD AVENUE ACRES MWC,DISTRICT 06 - SANTA BARBARA,VENTURA,1820,364,DAC,53791.04,46057.04,NA,NA,No,No,Yes,NA,12/1/2021,NANCY OLIVARES,EAat93041@aol.com,805-985-1225,NA,NA,NA,NA,Pete Munoz,redtailinc@earthlink.net,(1888) 292-5499
CA5710001,CITY OF DAVIS,DISTRICT 09 - SACRAMENTO,YOLO,70963,17273,Non-DAC,160000,72698.37,NA,NA,No,No,Yes,NA,12/1/2021,STAN GRYCZKO,sgryczko@cityofdavis.org,530-757-5686,NA,NA,NA,NA,Stan Gryczko,sgryczko@cityofdavis.org,(530) 747-8292
CA5710004,KNIGHTS LANDING SVC. DIST.,DISTRICT 09 - SACRAMENTO,YOLO,1300,287,SDAC,6350.71,6350.71,NA,NA,No,No,Yes,NA,12/1/2021,LEO REFSLAND,LEO@MADISONCSD.ORG,530-908-2077,NA,NA,NA,NA,Leo Refsland,leo@madisoncsd.org,(530) 383-4049
CA5700571,MADISON SERVICE DIST,LPA87 - YOLO COUNTY,YOLO,876,150,SDAC,2404.57,2404.57,NA,NA,No,No,Yes,NA,12/1/2021,LEO _REFSLAND,leo@madisoncsd.org,530-383-4049,NA,NA,NA,NA,Leo Refsland,leo@madisoncsd.org,(530) 383-4049
