WSN,WS Name,Agency,County,Population Served, Service Connections, Total Funding Request,latitude,longitude, Completed Date
5403144,ALI MUTUAL WATER CO,DISTRICT 24 - TULARE,TULARE,39,13,N/A,36.2143583,-119.2599759,Have not applied
4600012,ALLEGHANY COUNTY W.D.,DISTRICT 02 - LASSEN,SIERRA,80,57,N/A,39.4678844,-120.8384093,Have not applied
5400544,ALLENSWORTH CSD,DISTRICT 24 - TULARE,TULARE,521,164,N/A,35.879,-119.3714909,Have not applied
5410050,ALPAUGH COMMUNITY SERVICES DISTRICT,DISTRICT 12 - VISALIA,TULARE,1026,394,N/A,35.8884234,-119.4870992,Have not applied
2810005,AMERICAN CANYON  CITY OF,DISTRICT 03 - MENDOCINO,NAPA,20990,5341,N/A,38.2245118,-122.2267422,Have not applied
3210004,AMERICAN VALLEY CSD,DISTRICT 02 - LASSEN,PLUMAS,4300,1607,N/A,39.9472946,-120.9409075,Have not applied
510003,ANGELS  CITY OF,DISTRICT 10 - STOCKTON,CALAVERAS,3836,1887,N/A,38.064958,-120.5969758,Have not applied
3301180,ANZA MUTUAL WATER COMPANY,LPA63 - RIVERSIDE COUNTY,RIVERSIDE,224,85,N/A,33.5483551,-116.6726718,Have not applied
1610001,ARMONA COMMUNITY SERVICES DIST,DISTRICT 12 - VISALIA,KINGS,4143,1246,N/A,36.3104492,-119.7093013,Have not applied
2701658,ARROYO CENTER WC,LPA57 - MONTEREY COUNTY,MONTEREY,130,60,N/A,36.2352426,-121.4686345,Have not applied
1510001,ARVIN COMMUNITY SERVICES DIST,DISTRICT 12 - VISALIA,KERN,21851,4157,N/A,35.2113449,-118.8337127,Have not applied
1610002,AVENAL  CITY OF,DISTRICT 12 - VISALIA,KINGS,13218,2019,N/A,36.00754,-120.1229543,Have not applied
310002,AWA  IONE,DISTRICT 10 - STOCKTON,AMADOR,6170,2106,N/A,38.3828639,-120.7877453,Have not applied
1910007,AZUSA LIGHT AND WATER,DISTRICT 16 - CENTRAL,LOS ANGELES,106400,23733,N/A,34.1346788,-117.9079306,Have not applied
3310006,BANNING  CITY OF,DISTRICT 20 - RIVERSIDE,RIVERSIDE,30735,10653,N/A,33.9215551,-116.8748053,Have not applied
3310002,BEAUMONT CHERRY VALLEY WD,DISTRICT 20 - RIVERSIDE,RIVERSIDE,49241,19658,N/A,33.9288089,-116.9754231,Have not applied
4510014,BELLA VISTA WATER DISTRICT,DISTRICT 02 - LASSEN,SHASTA,19098,6420,N/A,40.6176872,-122.2977129,Have not applied
1000004,BELMONT WATER CORPORATION,DISTRICT 23 - FRESNO,FRESNO,264,40,N/A,36.7459543,-119.6439917,Have not applied
2800526,BERRYESSA ESTATES (LBRID),DISTRICT 03 - MENDOCINO,NAPA,476,187,N/A,38.3006049,-122.2832438,Have not applied
2810013,BERRYESSA HIGHLANDS,DISTRICT 03 - MENDOCINO,NAPA,938,248,N/A,38.3006049,-122.2832438,Have not applied
4410001,BIG BASIN WATER COMPANY,DISTRICT 05 - MONTEREY,SANTA CRUZ,1120,482,N/A,37.140014,-122.1666128,Have not applied
4400526,BIG REDWOOD PARK WATER,LPA74 - SANTA CRUZ COUNTY,SANTA CRUZ,130,65,N/A,37.0412195,-122.0816894,Have not applied
1210002,BLUE LAKE  CITY OF,DISTRICT 01 - KLAMATH,HUMBOLDT,1253,704,N/A,40.9309419,-123.8223634,Have not applied
1310001,BRAWLEY  CITY OF,DISTRICT 14 - SAN DIEGO,IMPERIAL,27337,5817,N/A,32.9777873,-115.5432434,Have not applied
710004,BRENTWOOD,DISTRICT 04 - SAN FRANCISCO,CONTRA COSTA,65118,20604,N/A,37.959746,-121.6873232,Have not applied
2610003,BRIDGEPORT PUD,DISTRICT 13 - SAN BERNARDINO,MONO,851,258,N/A,38.2517359,-119.2310568,Have not applied
1500489,BRITE LAKE MUTUAL WATER COMPANY,DISTRICT 19 - TEHACHAPI,KERN,89,27,N/A,35.1420968,-118.6313788,Have not applied
1500409,BROCK MUTUAL WATER COMPANY,DISTRICT 12 - VISALIA,KERN,462,155,N/A,35.3873845,-119.1334534,Have not applied
1910179,BURBANK-CITY  WATER DEPT.,DISTRICT 07 - HOLLYWOOD,LOS ANGELES,105861,25786,N/A,34.1778561,-118.3167431,Have not applied
3701184,BUTTERFIELD RANCH,LPA67 - SAN DIEGO COUNTY,SAN DIEGO,350,308,N/A,32.807922,-117.2443943,Have not applied
1510011,BUTTONWILLOW CWD,DISTRICT 12 - VISALIA,KERN,1508,411,N/A,35.4283801,-119.4875668,Have not applied
1910020,CAL-AM WATER COMPANY - EAST PASADENA,DISTRICT 22 - ANGELES,LOS ANGELES,9887,2996,N/A,34.092435,-118.0803525,Have not applied
3410010,CALAM - SUBURBAN ROSEMONT,DISTRICT 09 - SACRAMENTO,SACRAMENTO,53563,16238,N/A,38.6527955,-121.4255067,Have not applied
510002,CALAVERAS PUD,DISTRICT 10 - STOCKTON,CALAVERAS,6286,1906,N/A,38.200334,-120.6901509,Have not applied
1310002,CALEXICO  CITY OF,DISTRICT 14 - SAN DIEGO,IMPERIAL,40357,8559,N/A,32.6706086,-115.4932062,Have not applied
2500503,CALIFORNIA PINES C.S.D.,DISTRICT 01 - KLAMATH,MODOC,300,169,N/A,41.4281801,-120.4693492,Have not applied
2810002,CALISTOGA  CITY OF,DISTRICT 03 - MENDOCINO,NAPA,5610,1497,N/A,38.5768766,-122.5721048,Have not applied
1710013,CALLAYOMI COUNTY WATER DISTRICT,DISTRICT 03 - MENDOCINO,LAKE,1481,449,N/A,38.7548746,-122.6051351,Have not applied
4010014,CAMBRIA COMM SERVICES DIST,DISTRICT 06 - SANTA BARBARA,SAN LUIS OBISPO,6032,4034,N/A,35.5925142,-121.0564425,Have not applied
4910022,CANON MANOR WATER SYSTEM,DISTRICT 18 - SONOMA,SONOMA,795,241,N/A,38.4640695,-122.6630881,Have not applied
3710005,CARLSBAD MWD,DISTRICT 14 - SAN DIEGO,SAN DIEGO,91697,28218,N/A,33.132334,-117.2684842,Have not applied
5610024,CASITAS MUNICIPAL WATER DIST,DISTRICT 06 - SANTA BARBARA,VENTURA,11042,3171,N/A,34.4024833,-119.299922,Have not applied
4400652,CATHEDRAL HILLS MWC  INC,LPA74 - SANTA CRUZ COUNTY,SANTA CRUZ,60,25,N/A,37.006573,-121.898539,Have not applied
510017,CCWD - COPPER COVE,DISTRICT 10 - STOCKTON,CALAVERAS,4416,2664,N/A,38.1807654,-120.6779547,Have not applied
510016,CCWD - EBBETTS PASS,DISTRICT 10 - STOCKTON,CALAVERAS,12484,5989,N/A,38.1807654,-120.6779547,Have not applied
510006,CCWD - JENNY LIND,DISTRICT 10 - STOCKTON,CALAVERAS,9592,3858,N/A,38.1807654,-120.6779547,Have not applied
510004,CCWD - SHEEP RANCH,DISTRICT 10 - STOCKTON,CALAVERAS,134,48,N/A,38.1807654,-120.6779547,Have not applied
510019,CCWD - WALLACE,DISTRICT 10 - STOCKTON,CALAVERAS,340,110,N/A,38.1807654,-120.6779547,Have not applied
510005,CCWD - WEST POINT,DISTRICT 10 - STOCKTON,CALAVERAS,988,584,N/A,38.1807654,-120.6779547,Have not applied
5400655,CENTRAL MUTUAL WATER CO,DISTRICT 24 - TULARE,TULARE,119,41,N/A,36.08363,-119.313589,Have not applied
5010028,CERES  CITY OF,DISTRICT 10 - STOCKTON,STANISLAUS,48706,11777,N/A,37.5884146,-120.9546976,Have not applied
5610039,CHANNEL ISLANDS BEACH CSD,DISTRICT 06 - SANTA BARBARA,VENTURA,5180,1866,N/A,34.1594579,-119.2192061,Have not applied
3210009,CHESTER PUBLIC U.D.,DISTRICT 02 - LASSEN,PLUMAS,2316,1209,N/A,40.2912098,-121.2406199,Have not applied
2700634,CHETMOORE ACRES WA,LPA57 - MONTEREY COUNTY,MONTEREY,70,25,N/A,36.8440633,-121.6737007,Have not applied
3610036,CHINO HILLS  CITY OF,DISTRICT 13 - SAN BERNARDINO,SAN BERNARDINO,82490,21660,N/A,33.9990381,-117.7306405,Have not applied
3610012,CHINO  CITY OF,DISTRICT 13 - SAN BERNARDINO,SAN BERNARDINO,78463,21739,N/A,34.0120229,-117.6786847,Have not applied
3110034,CHRISTIAN VALLEY PARK CSD,DISTRICT 02 - LASSEN,PLACER,1800,627,N/A,38.9111705,-121.0806932,Have not applied
3010001,CITY OF ANAHEIM,DISTRICT 08 - SANTA ANA,ORANGE,365987,62109,N/A,33.8346578,-117.9141443,Have not applied
4510001,CITY OF ANDERSON,DISTRICT 02 - LASSEN,SHASTA,11147,3586,N/A,40.447788,-122.3001969,Have not applied
710001,CITY OF ANTIOCH,DISTRICT 04 - SAN FRANCISCO,CONTRA COSTA,113061,32361,N/A,37.9644542,-121.7708337,Have not applied
1910003,CITY OF ARCADIA,DISTRICT 22 - ANGELES,LOS ANGELES,44738,13557,N/A,34.0997362,-118.0046562,Have not applied
1910108,CITY OF BELL GARDENS,DISTRICT 15 - METROPOLITAN,LOS ANGELES,11292,1652,N/A,33.922981,-118.1128622,Have not applied
4810001,CITY OF BENICIA,DISTRICT 04 - SAN FRANCISCO,SOLANO,28000,9798,N/A,38.0523428,-122.1531834,Have not applied
3010002,CITY OF BREA,DISTRICT 08 - SANTA ANA,ORANGE,45629,12939,N/A,33.9170664,-117.8889229,Have not applied
4110002,CITY OF BRISBANE,DISTRICT 17 - SANTA CLARA,SAN MATEO,3197,1280,N/A,37.6868336,-122.4025787,Have not applied
1010003,CITY OF CLOVIS,DISTRICT 12 - VISALIA,FRESNO,120891,37474,N/A,36.8329323,-119.6880532,Have not applied
810001,CITY OF CRESCENT CITY,DISTRICT 01 - KLAMATH,DEL NORTE,14000,3939,N/A,41.7537607,-124.1963732,Have not applied
5710001,CITY OF DAVIS,DISTRICT 09 - SACRAMENTO,YOLO,70963,17273,N/A,38.549071,-121.7308218,Have not applied
4810009,CITY OF DIXON,DISTRICT 04 - SAN FRANCISCO,SOLANO,9037,2938,N/A,38.444992,-121.8161806,Have not applied
4110024,CITY OF EAST PALO ALTO,DISTRICT 17 - SANTA CLARA,SAN MATEO,29519,3882,N/A,37.4723329,-122.1405745,Have not applied
3010069,CITY OF FOUNTAIN VALLEY,DISTRICT 08 - SANTA ANA,ORANGE,59227,16849,N/A,33.7119619,-117.9309872,Have not applied
1010006,CITY OF FOWLER,DISTRICT 23 - FRESNO,FRESNO,6600,1920,N/A,36.6302712,-119.6772129,Have not applied
1010007,CITY OF FRESNO,DISTRICT 11 - MERCED,FRESNO,541990,136972,N/A,36.7666207,-119.7876132,Have not applied
3010010,CITY OF FULLERTON,DISTRICT 08 - SANTA ANA,ORANGE,141863,31328,N/A,33.8707767,-117.9294312,Have not applied
3010062,CITY OF GARDEN GROVE,DISTRICT 08 - SANTA ANA,ORANGE,174226,34086,N/A,33.7623579,-117.9261702,Have not applied
4310004,CITY OF GILROY,DISTRICT 17 - SANTA CLARA,SANTA CLARA,57315,15220,N/A,37.0069796,-121.5595224,Have not applied
2910001,CITY OF GRASS VALLEY,DISTRICT 09 - SACRAMENTO,NEVADA,4947,2486,N/A,39.2191483,-121.0611449,Have not applied
110006,CITY OF HAYWARD,DISTRICT 04 - SAN FRANCISCO,ALAMEDA,151600,34756,N/A,37.6709785,-122.0856974,Have not applied
3010053,CITY OF HUNTINGTON BEACH,DISTRICT 08 - SANTA ANA,ORANGE,201000,54117,N/A,33.6864033,-117.9958725,Have not applied
1910029,CITY OF INDUSTRY WATERWORKS SYSTEMS,DISTRICT 07 - HOLLYWOOD,LOS ANGELES,6151,1864,N/A,34.0205301,-117.9523361,Have not applied
310001,CITY OF JACKSON,DISTRICT 10 - STOCKTON,AMADOR,4686,2185,N/A,38.347489,-120.7730223,Have not applied
3010018,CITY OF LA HABRA,DISTRICT 08 - SANTA ANA,ORANGE,63118,13966,N/A,33.9259823,-117.9523361,Have not applied
3910015,CITY OF LATHROP,DISTRICT 10 - STOCKTON,SAN JOAQUIN,26833,7963,N/A,37.8040196,-121.3039397,Have not applied
3110004,CITY OF LINCOLN,DISTRICT 02 - LASSEN,PLACER,49317,19576,N/A,38.8935084,-121.2918721,Have not applied
5110001,CITY OF LIVE OAK,DISTRICT 21 - VALLEY,SUTTER,8912,2413,N/A,39.2755039,-121.6604642,Have not applied
2410005,CITY OF LOS BANOS,DISTRICT 11 - MERCED,MERCED,41923,12792,N/A,37.0529504,-120.8539543,Have not applied
4610001,CITY OF LOYALTON,DISTRICT 02 - LASSEN,SIERRA,856,360,N/A,39.6529758,-120.2974199,Have not applied
2010002,CITY OF MADERA,DISTRICT 11 - MERCED,MADERA,66225,13913,N/A,36.9520618,-120.0519439,Have not applied
2410009,CITY OF MERCED,DISTRICT 11 - MERCED,MERCED,87110,22880,N/A,37.2910729,-120.5063862,Have not applied
4310005,CITY OF MILPITAS,DISTRICT 17 - SANTA CLARA,SANTA CLARA,74865,16479,N/A,37.4486911,-121.9101125,Have not applied
2910002,CITY OF NEVADA CITY,DISTRICT 09 - SACRAMENTO,NEVADA,3148,1252,N/A,39.2625216,-121.0195783,Have not applied
5010013,CITY OF NEWMAN-WATER DEPARTMENT,DISTRICT 10 - STOCKTON,STANISLAUS,11784,3525,N/A,37.2490019,-121.2168466,Have not applied
3010023,CITY OF NEWPORT BEACH,DISTRICT 08 - SANTA ANA,ORANGE,67134,26365,N/A,33.6314853,-117.939042,Have not applied
3010027,CITY OF ORANGE,DISTRICT 08 - SANTA ANA,ORANGE,140094,35462,N/A,33.7866661,-117.8413541,Have not applied
4310009,CITY OF PALO ALTO,DISTRICT 17 - SANTA CLARA,SANTA CLARA,69397,19002,N/A,37.4391089,-122.1111704,Have not applied
1010025,CITY OF PARLIER,DISTRICT 23 - FRESNO,FRESNO,15286,2663,N/A,36.6114319,-119.5347867,Have not applied
110008,CITY OF PLEASANTON,DISTRICT 04 - SAN FRANCISCO,ALAMEDA,79201,22387,N/A,37.6764045,-121.859063,Have not applied
5210004,CITY OF RED BLUFF,DISTRICT 21 - VALLEY,TEHAMA,14076,4870,N/A,40.1756403,-122.2351656,Have not applied
4510005,CITY OF REDDING,DISTRICT 02 - LASSEN,SHASTA,87741,30073,N/A,40.5731946,-122.3815399,Have not applied
4110022,CITY OF REDWOOD CITY,DISTRICT 17 - SANTA CLARA,SAN MATEO,87023,23557,N/A,37.4874206,-122.2160169,Have not applied
3010036,CITY OF SAN CLEMENTE,DISTRICT 08 - SANTA ANA,ORANGE,51065,17647,N/A,33.4353909,-117.6289189,Have not applied
4310019,CITY OF SAN JOSE - NSJ/ALVISO,DISTRICT 17 - SANTA CLARA,SANTA CLARA,15300,2200,N/A,37.3012039,-121.8269362,Have not applied
3010030,CITY OF SAN JUAN CAPISTRANO,DISTRICT 08 - SANTA ANA,ORANGE,35191,12006,N/A,33.4924586,-117.6651645,Have not applied
1010029,CITY OF SANGER,DISTRICT 23 - FRESNO,FRESNO,25664,6973,N/A,36.706082,-119.5613484,Have not applied
3010038,CITY OF SANTA ANA,DISTRICT 08 - SANTA ANA,ORANGE,337716,45256,N/A,33.7438081,-117.8955604,Have not applied
4210010,CITY OF SANTA BARBARA WATER DEPARTMENT,DISTRICT 06 - SANTA BARBARA,SANTA BARBARA,94929,27252,N/A,34.4216024,-119.698259,Have not applied
4310012,CITY OF SANTA CLARA,DISTRICT 17 - SANTA CLARA,SANTA CLARA,129104,25828,N/A,37.3543331,-121.9547766,Have not applied
5610011,CITY OF SANTA PAULA,DISTRICT 06 - SANTA BARBARA,VENTURA,29321,7510,N/A,34.35,-119.06,Have not applied
4510006,CITY OF SHASTA LAKE,DISTRICT 02 - LASSEN,SHASTA,10657,3897,N/A,40.6915046,-122.3779053,Have not applied
1910154,CITY OF SOUTH PASADENA,DISTRICT 16 - CENTRAL,LOS ANGELES,26174,6193,N/A,34.115201,-118.1595586,Have not applied
3910012,CITY OF STOCKTON,DISTRICT 10 - STOCKTON,SAN JOAQUIN,183046,49167,N/A,37.9364801,-121.3259837,Have not applied
4310014,CITY OF SUNNYVALE,DISTRICT 17 - SANTA CLARA,SANTA CLARA,155567,28343,N/A,37.42,-122,Have not applied
3010046,CITY OF TUSTIN,DISTRICT 08 - SANTA ANA,ORANGE,68088,14108,N/A,33.7432553,-117.8195113,Have not applied
4810008,CITY OF VACAVILLE,DISTRICT 04 - SAN FRANCISCO,SOLANO,96735,29170,N/A,38.3455976,-121.905352,Have not applied
4810007,CITY OF VALLEJO,DISTRICT 04 - SAN FRANCISCO,SOLANO,118470,36655,N/A,38.1377605,-122.2411489,Have not applied
4810021,CITY OF VALLEJO-LAKES SYSTEM,DISTRICT 04 - SAN FRANCISCO,SOLANO,2800,854,N/A,38.1377605,-122.2411489,Have not applied
3010064,CITY OF WESTMINSTER,DISTRICT 08 - SANTA ANA,ORANGE,95256,20530,N/A,33.7534688,-118.0009049,Have not applied
5810004,CITY OF WHEATLAND,DISTRICT 21 - VALLEY,YUBA,3456,1219,N/A,39.0135201,-121.426913,Have not applied
610004,CITY OF WILLIAMS,DISTRICT 21 - VALLEY,COLUSA,5255,1481,N/A,39.1519176,-122.1474399,Have not applied
5710006,CITY OF WOODLAND,DISTRICT 09 - SACRAMENTO,YOLO,60978,16767,N/A,38.6783594,-121.7735488,Have not applied
1502056,CLARK STREET COMMUNITY WELL,DISTRICT 19 - TEHACHAPI,KERN,90,20,N/A,35.6283762,-118.4163103,Have not applied
4510016,CLEAR CREEK CSD-ANDERSON,DISTRICT 02 - LASSEN,SHASTA,8900,2366,N/A,40.4558311,-122.4550524,Have not applied
1910050,COMMERCE-CITY  WATER DEPT.,DISTRICT 22 - ANGELES,LOS ANGELES,4203,991,N/A,37.3667721,-121.9113979,Have not applied
3310037,CORONA  CITY OF,DISTRICT 20 - RIVERSIDE,RIVERSIDE,169868,43148,N/A,33.88796,-117.5729048,Have not applied
1910127,COVINA-CITY  WATER DEPT.,DISTRICT 07 - HOLLYWOOD,LOS ANGELES,33300,8571,N/A,34.0916793,-117.880878,Have not applied
3500911,CREEKBRIDGE MUTUAL WATER COMPANY,DISTRICT 05 - MONTEREY,SAN BENITO,69,22,N/A,36.8176248,-121.4011945,Have not applied
1910028,CRESCENTA VALLEY CWD,DISTRICT 15 - METROPOLITAN,LOS ANGELES,33203,8608,N/A,34.2223101,-118.2377234,Have not applied
5610058,CRESTVIEW MUTUAL WATER CO,DISTRICT 06 - SANTA BARBARA,VENTURA,2040,620,N/A,34.2406369,-119.0718737,Have not applied
3600220,CSA 42 ORO GRANDE,LPA66 - SAN BERNARDINO COUNTY,SAN BERNARDINO,544,147,N/A,34.51403,-117.36324,Have not applied
3600114,CSA 70 W-3 HACIENDA,LPA66 - SAN BERNARDINO COUNTY,SAN BERNARDINO,695,165,N/A,34.51403,-117.36324,Have not applied
3600196,CSA 70 W-4 PIONEERTOWN,LPA66 - SAN BERNARDINO COUNTY,SAN BERNARDINO,400,120,N/A,34.51403,-117.36324,Have not applied
3600226,CSA 70-F MORONGO,LPA66 - SAN BERNARDINO COUNTY,SAN BERNARDINO,450,84,N/A,34.51403,-117.36324,Have not applied
4210009,CUYAMA COMMUNITY SERVICES DISTRICT,DISTRICT 06 - SANTA BARBARA,SANTA BARBARA,763,254,N/A,34.973386,-119.8005027,Have not applied
1502449,CYPRESS CANYON WATER SYSTEM,DISTRICT 19 - TEHACHAPI,KERN,44,16,N/A,35.6283762,-118.4163103,Have not applied
3410007,DEL PASO MANOR COUNTY WATER DI,DISTRICT 09 - SACRAMENTO,SACRAMENTO,4520,1796,N/A,38.6050745,-121.3818448,Have not applied
1510005,DELANO  CITY OF,DISTRICT 12 - VISALIA,KERN,53936,9985,N/A,35.7509332,-119.2412949,Have not applied
5403023,DELFT COLONY WATER,DISTRICT 24 - TULARE,TULARE,454,99,N/A,36.2775758,-119.3154572,Have not applied
710007,DIABLO WATER DISTRICT,DISTRICT 04 - SAN FRANCISCO,CONTRA COSTA,40144,12574,N/A,38.0044162,-121.685341,Have not applied
5410002,DINUBA  CITY OF,DISTRICT 24 - TULARE,TULARE,26305,6226,N/A,36.5302886,-119.382824,Have not applied
1910034,DOWNEY - CITY  WATER DEPT.,DISTRICT 16 - CENTRAL,LOS ANGELES,112214,23010,N/A,33.9403679,-118.1284976,Have not applied
5410021,EARLIMART PUD,DISTRICT 24 - TULARE,TULARE,8800,1545,N/A,35.879,-119.3714909,Have not applied
110005,EAST BAY MUD,DISTRICT 04 - SAN FRANCISCO,ALAMEDA,1405000,390779,N/A,37.8013164,-122.2708386,Have not applied
3010068,EAST ORANGE COUNTY WD - RZ,DISTRICT 08 - SANTA ANA,ORANGE,3247,1206,N/A,33.7892992,-117.8222361,Have not applied
5401003,EAST OROSI CSD,DISTRICT 24 - TULARE,TULARE,932,103,N/A,36.5902725,-119.1623231,Have not applied
3610064,EAST VALLEY WATER DISTRICT,DISTRICT 13 - SAN BERNARDINO,SAN BERNARDINO,103000,21353,N/A,34.105041,-117.1255929,Have not applied
2701423,ECHO VALLEY RD WS #05,LPA57 - MONTEREY COUNTY,MONTEREY,45,16,N/A,36.8266842,-121.6570618,Have not applied
1310004,EL CENTRO  CITY OF,DISTRICT 14 - SAN DIEGO,IMPERIAL,44079,10076,N/A,32.7894128,-115.5506337,Have not applied
3400121,EL DORADO MOBILE HOME PARK,LPA64 - SACRAMENTO COUNTY,SACRAMENTO,256,128,N/A,32.7894128,-115.5506337,Have not applied
3400122,EL DORADO WEST MHP,LPA64 - SACRAMENTO COUNTY,SACRAMENTO,172,86,N/A,32.7894128,-115.5506337,Have not applied
1910038,EL MONTE-CITY  WATER DEPT.,DISTRICT 16 - CENTRAL,LOS ANGELES,22968,3525,N/A,34.0797668,-118.0441321,Have not applied
1910040,EL SEGUNDO-CITY  WATER DEPT.,DISTRICT 15 - METROPOLITAN,LOS ANGELES,16719,4973,N/A,33.9206262,-118.4069224,Have not applied
1100616,ELK CREEK COMMUNITY S.D.,DISTRICT 21 - VALLEY,GLENN,159,90,N/A,39.6405126,-121.7701438,Have not applied
3910003,ESCALON  CITY OF,DISTRICT 10 - STOCKTON,SAN JOAQUIN,7478,2510,N/A,37.7882083,-120.9959219,Have not applied
3710006,ESCONDIDO  CITY OF,DISTRICT 14 - SAN DIEGO,SAN DIEGO,137941,26766,N/A,33.1226504,-117.0831777,Have not applied
4110021,ESTERO MUNICIPAL IMPROVEMENT DISTRICT,DISTRICT 17 - SANTA CLARA,SAN MATEO,37687,8170,N/A,37.570544,-122.2700411,Have not applied
1502670,FAIRVIEW WATER COMPANY  LLC,DISTRICT 19 - TEHACHAPI,KERN,240,72,N/A,35.1269611,-118.618751,Have not applied
1000019,FCSA #30/EL PORVENIR,DISTRICT 23 - FRESNO,FRESNO,241,56,N/A,36.7353293,-119.787568,Have not applied
1000359,FCSA #32/CANTUA CREEK,DISTRICT 23 - FRESNO,FRESNO,476,79,N/A,36.7353293,-119.787568,Have not applied
1000484,FCSA #34/ MILLERTON NEW TOWN,DISTRICT 23 - FRESNO,FRESNO,1100,439,N/A,36.7353293,-119.787568,Have not applied
1000471,FCSA #39 A&B,DISTRICT 23 - FRESNO,FRESNO,395,141,N/A,36.7353293,-119.787568,Have not applied
1000551,FCSA #43/RAISIN CITY,DISTRICT 23 - FRESNO,FRESNO,190,68,N/A,36.7353293,-119.787568,Have not applied
1000550,FCSA #44D/MONTE VERDI,DISTRICT 23 - FRESNO,FRESNO,344,125,N/A,36.7353293,-119.787568,Have not applied
1000546,FCSA #49/ FIVE POINTS,DISTRICT 23 - FRESNO,FRESNO,445,46,N/A,36.7353293,-119.787568,Have not applied
1010051,FCWWD #18/FRIANT,DISTRICT 23 - FRESNO,FRESNO,772,251,N/A,37.0429444,-119.6730939,Have not applied
1000041,FCWWD #38/SKY HARBOUR,DISTRICT 23 - FRESNO,FRESNO,165,64,N/A,36.7353293,-119.787568,Have not applied
1000042,FCWWD #40 / SHAVER SPRINGS,DISTRICT 23 - FRESNO,FRESNO,193,70,N/A,36.7353293,-119.787568,Have not applied
1010017,FCWWD #41/SHAVER LAKE,DISTRICT 23 - FRESNO,FRESNO,2037,960,N/A,36.7353293,-119.787568,Have not applied
5610002,FILLMORE WATER DEPT,DISTRICT 06 - SANTA BARBARA,VENTURA,15222,4706,N/A,34.3986199,-118.9123868,Have not applied
1010005,FIREBAUGH CITY,DISTRICT 23 - FRESNO,FRESNO,7619,1642,N/A,36.8595402,-120.4548907,Have not applied
3410030,FOLSOM  CITY OF - ASHLAND,DISTRICT 09 - SACRAMENTO,SACRAMENTO,3538,1079,N/A,38.6820869,-121.1656584,Have not applied
3410014,FOLSOM  CITY OF - MAIN,DISTRICT 09 - SACRAMENTO,SACRAMENTO,68122,21424,N/A,38.6820869,-121.1656584,Have not applied
2310001,FORT BRAGG  CITY OF,DISTRICT 03 - MENDOCINO,MENDOCINO,7250,2951,N/A,39.4457502,-123.8042709,Have not applied
4710003,FORT JONES  TOWN OF,DISTRICT 01 - KLAMATH,SISKIYOU,675,362,N/A,41.6120868,-122.9642819,Have not applied
4200556,FOSTER ROAD MUTUAL WATER COMPANY,LPA72 - SANTA BARBARA COUNTY,SANTA BARBARA,150,49,N/A,34.882831,-120.435278,Have not applied
1500296,FULLER ACRES MUTUAL WATER COMPANY,DISTRICT 12 - VISALIA,KERN,545,165,N/A,35.2638398,-118.9121033,Have not applied
3410011,GALT  CITY OF,DISTRICT 09 - SACRAMENTO,SACRAMENTO,26536,7471,N/A,38.2648685,-121.3055039,Have not applied
1910043,GLENDALE-CITY  WATER DEPT.,DISTRICT 15 - METROPOLITAN,LOS ANGELES,205331,34288,N/A,34.1478242,-118.2470889,Have not applied
1910044,GLENDORA-CITY  WATER DEPT.,DISTRICT 07 - HOLLYWOOD,LOS ANGELES,45355,13744,N/A,34.1353015,-117.864934,Have not applied
3010047,GOLDEN STATE WC - COWAN HEIGHTS,DISTRICT 08 - SANTA ANA,ORANGE,7236,2526,N/A,33.8567403,-117.8855202,Have not applied
4310022,GREAT OAKS WC INC,DISTRICT 17 - SANTA CLARA,SANTA CLARA,103590,21399,N/A,37.2382765,-121.7749986,Have not applied
2710008,GREENFIELD  CITY OF,DISTRICT 05 - MONTEREY,MONTEREY,17517,3772,N/A,36.1828098,-121.3998995,Have not applied
5510009,GROVELAND COMMUNITY SERV DIST,DISTRICT 11 - MERCED,TUOLUMNE,3400,3255,N/A,37.8492572,-119.9277947,Have not applied
4010004,GROVER BEACH WATER DEPARTMENT,DISTRICT 06 - SANTA BARBARA,SAN LUIS OBISPO,13549,4933,N/A,35.1209064,-120.6219221,Have not applied
1610003,HANFORD  CITY OF,DISTRICT 12 - VISALIA,KINGS,17626,17879,N/A,36.3154138,-119.6378732,Have not applied
3610017,HAVASU WC,DISTRICT 13 - SAN BERNARDINO,SAN BERNARDINO,361,224,N/A,34.7275112,-114.5955356,Have not applied
1310007,HEBER PUBLIC UTILITY DISTRICT,DISTRICT 14 - SAN DIEGO,IMPERIAL,6979,1632,N/A,32.728849,-115.5336437,Have not applied
3610112,HELENDALE COMMUNITY SERVICE DISTRICT,DISTRICT 13 - SAN BERNARDINO,SAN BERNARDINO,5849,2830,N/A,34.7347059,-117.3294195,Have not applied
3310016,HEMET  CITY OF,DISTRICT 20 - RIVERSIDE,RIVERSIDE,32600,9872,N/A,33.7310936,-117.0110837,Have not applied
1805007,HERLONG PUBLIC UTILITY DISTRICT,DISTRICT 02 - LASSEN,LASSEN,2114,297,N/A,40.1462051,-120.1170664,Have not applied
3610024,HESPERIA WD,DISTRICT 13 - SAN BERNARDINO,SAN BERNARDINO,97846,27149,N/A,34.4272116,-117.3167473,Have not applied
3610073,HI DESERT WD,DISTRICT 13 - SAN BERNARDINO,SAN BERNARDINO,25653,10766,N/A,34.1169785,-116.4543813,Have not applied
1710015,HIDDEN VALLEY LAKE CSD,DISTRICT 03 - MENDOCINO,LAKE,8227,2490,N/A,38.7976248,-122.5537574,Have not applied
3301775,HIGH VALLEYS WATER DISTRICT,DISTRICT 20 - RIVERSIDE,RIVERSIDE,762,231,N/A,33.8690106,-116.8286124,Have not applied
1710003,HIGHLANDS MUTUAL WATER COMPANY,DISTRICT 03 - MENDOCINO,LAKE,9494,2878,N/A,38.9510968,-122.6394683,Have not applied
3510001,HOLLISTER  CITY OF,DISTRICT 05 - MONTEREY,SAN BENITO,23358,7561,N/A,36.8512386,-121.403338,Have not applied
5010008,HUGHSON  CITY OF,DISTRICT 10 - STOCKTON,STANISLAUS,6082,2065,N/A,37.5939016,-120.8613785,Have not applied
1010044,HURON  CITY OF,DISTRICT 23 - FRESNO,FRESNO,9306,871,N/A,36.1869027,-120.1011836,Have not applied
1210019,HYDESVILLE CO. W.D.,DISTRICT 01 - KLAMATH,HUMBOLDT,1409,419,N/A,40.5659648,-124.0817118,Have not applied
1310006,IMPERIAL  CITY OF,DISTRICT 14 - SAN DIEGO,IMPERIAL,19929,6248,N/A,32.8440778,-115.5694499,Have not applied
1510017,INDIAN WELLS VALLEY W.D.,DISTRICT 19 - TEHACHAPI,KERN,39478,11963,N/A,35.62,-117.67,Have not applied
3310020,INDIO WATER AUTHORITY,DISTRICT 20 - RIVERSIDE,RIVERSIDE,79114,23974,N/A,33.7217883,-116.2130652,Have not applied
1510036,INYOKERN CSD,DISTRICT 19 - TEHACHAPI,KERN,805,265,N/A,36.1155819,-118.1590786,Have not applied
1210021,JACOBY CREEK CSD,DISTRICT 01 - KLAMATH,HUMBOLDT,904,330,N/A,40.8671545,-124.0847564,Have not applied
3310021,JURUPA COMMUNITY SD,DISTRICT 20 - RIVERSIDE,RIVERSIDE,133361,33117,N/A,34.011845,-117.5298635,Have not applied
1400036,KEELER COMMUNITY SERVICE DISTRICT,DISTRICT 13 - SAN BERNARDINO,INYO,66,83,N/A,36.4971356,-117.8868171,Have not applied
1710007,KELSEYVILLE CO WATERWORKS DISTRICT 3,DISTRICT 03 - MENDOCINO,LAKE,4280,1280,N/A,39.0434854,-122.9149081,Have not applied
4910025,KENWOOD VILLAGE WATER COMPANY (PUC),DISTRICT 18 - SONOMA,SONOMA,1000,309,N/A,38.4640695,-122.6630881,Have not applied
1010018,KERMAN  CITY OF,DISTRICT 23 - FRESNO,FRESNO,15282,3789,N/A,36.7221199,-120.0597531,Have not applied
1500364,KERNVALE MUTUAL WATER CO,DISTRICT 19 - TEHACHAPI,KERN,75,32,N/A,35.6283762,-118.4163103,Have not applied
1010019,KINGSBURG  CITY OF,DISTRICT 23 - FRESNO,FRESNO,12002,3856,N/A,36.5150985,-119.5528639,Have not applied
5710004,KNIGHTS LANDING SVC. DIST.,DISTRICT 09 - SACRAMENTO,YOLO,1300,287,N/A,38.8933855,-121.7879244,Have not applied
1910060,LA PUENTE VALLEY CWD,DISTRICT 16 - CENTRAL,LOS ANGELES,8108,2457,N/A,34.0205301,-117.9523361,Have not applied
1910062,LA VERNE  CITY WD,DISTRICT 15 - METROPOLITAN,LOS ANGELES,32206,8794,N/A,34.1120128,-117.7650534,Have not applied
210001,LAKE ALPINE WATER COMPANY,DISTRICT 10 - STOCKTON,ALPINE,625,488,N/A,38.4660573,-119.9277947,Have not applied
1700554,LAKE COUNTY CSA 13 - KONO TAYEE,DISTRICT 03 - MENDOCINO,LAKE,395,144,N/A,39.0434854,-122.9149081,Have not applied
1710018,LAKE COUNTY CSA 2 - SPRING VALLEY,DISTRICT 03 - MENDOCINO,LAKE,1386,479,N/A,39.0434854,-122.9149081,Have not applied
1710022,LAKE COUNTY CSA 20 - SODA BAY,DISTRICT 03 - MENDOCINO,LAKE,2129,645,N/A,39.0434854,-122.9149081,Have not applied
1710021,LAKE COUNTY CSA 21 - NORTH LAKEPORT,DISTRICT 03 - MENDOCINO,LAKE,3104,1257,N/A,39.0434854,-122.9149081,Have not applied
1710004,LAKEPORT  CITY OF,DISTRICT 03 - MENDOCINO,LAKE,4762,2278,N/A,39.040207,-122.919656,Have not applied
1910239,LAKEWOOD - CITY  WATER DEPT.,DISTRICT 07 - HOLLYWOOD,LOS ANGELES,63050,19989,N/A,33.8425088,-118.1190999,Have not applied
1910246,LAND PROJECTS MUTUAL WATER CO.,DISTRICT 07 - HOLLYWOOD,LOS ANGELES,1500,544,N/A,34.7544242,-118.2878915,Have not applied
1500424,LANDS OF PROMISE MWC,DISTRICT 19 - TEHACHAPI,KERN,174,63,N/A,34.8971853,-118.2387057,Have not applied
4400631,LAS CUMBRES MUTUAL WATER CO,DISTRICT 05 - MONTEREY,SANTA CRUZ,342,125,N/A,37.2064468,-122.0675206,Have not applied
1000054,LAS DELTAS MUTUAL WATER SYSTEM,DISTRICT 23 - FRESNO,FRESNO,375,107,N/A,36.8114708,-120.5739579,Have not applied
1910061,LAS FLORES WATER CO.,DISTRICT 16 - CENTRAL,LOS ANGELES,4844,1479,N/A,34.1823833,-118.1418232,Have not applied
1010020,LATON COMMUNITY SERVICES DISTRICT,DISTRICT 23 - FRESNO,FRESNO,1824,472,N/A,36.4272476,-119.7657663,Have not applied
2310011,LAYTONVILLE COUNTY WATER DISTRICT,DISTRICT 03 - MENDOCINO,MENDOCINO,2000,413,N/A,39.855248,-123.5175413,Have not applied
2410011,LE GRAND COMM SERVICES DIST,DISTRICT 11 - MERCED,MERCED,1700,474,N/A,37.2307985,-120.2492253,Have not applied
1510051,LEBEC COUNTY WATER DISTRICT,DISTRICT 19 - TEHACHAPI,KERN,1379,303,N/A,34.7936796,-118.8363756,Have not applied
5810002,LINDA COUNTY WATER DISTRICT,DISTRICT 21 - VALLEY,YUBA,19986,5051,N/A,39.1219508,-121.5679726,Have not applied
3910019,LINDEN COUNTY WATER DISTRICT,DISTRICT 10 - STOCKTON,SAN JOAQUIN,1784,617,N/A,38.0728788,-121.03351,Have not applied
3910022,LITTLE POTATO SLOUGH MUTUAL,DISTRICT 10 - STOCKTON,SAN JOAQUIN,950,202,N/A,38.1126998,-121.4976095,Have not applied
1900849,LLANO DEL RIO WATER COMPANY,LPA49 - LA COUNTY,LOS ANGELES,510,186,N/A,34.4856487,-117.8348862,Have not applied
3910004,LODI  CITY OF,DISTRICT 10 - STOCKTON,SAN JOAQUIN,68272,26124,N/A,38.1477241,-121.2996938,Have not applied
1210023,LOLETA C.S.D.,DISTRICT 01 - KLAMATH,HUMBOLDT,750,281,N/A,40.6691318,-124.1816517,Have not applied
1910065,LONG BEACH-CITY  WATER DEPT.,DISTRICT 07 - HOLLYWOOD,LOS ANGELES,472217,88879,N/A,33.8177675,-118.1704137,Have not applied
1910075,LOS ANGELES CWWD 21-KAGEL CANYON,DISTRICT 16 - CENTRAL,LOS ANGELES,559,250,N/A,34.0849831,-118.1501197,Have not applied
1910204,LOS ANGELES CWWD 29 & 80-MALIBU,DISTRICT 16 - CENTRAL,LOS ANGELES,22077,7421,N/A,34.0849831,-118.1501197,Have not applied
1910185,LOS ANGELES CWWD 36-VAL VERDE,DISTRICT 16 - CENTRAL,LOS ANGELES,5289,1384,N/A,34.0849831,-118.1501197,Have not applied
1910248,LOS ANGELES CWWD 37-ACTON,DISTRICT 16 - CENTRAL,LOS ANGELES,6600,1484,N/A,34.0849831,-118.1501197,Have not applied
1910070,LOS ANGELES CWWD 40 REG 4 & 34-LANCASTER,DISTRICT 16 - CENTRAL,LOS ANGELES,187372,51516,N/A,34.0849831,-118.1501197,Have not applied
1510046,LOST HILLS UTILITY DISTRICT,DISTRICT 12 - VISALIA,KERN,2412,443,N/A,35.6355,-119.9046594,Have not applied
1710010,LOWER LAKE COUNTY WATER DISTRICT,DISTRICT 03 - MENDOCINO,LAKE,1355,806,N/A,38.9105839,-122.6086462,Have not applied
2010004,MADERA CO CMD19-PARKWOOD,DISTRICT 11 - MERCED,MADERA,1637,496,N/A,36.9618263,-120.0637252,Have not applied
2000544,MADERA CO MD1-HIDDEN LAKE ESTATES,DISTRICT 11 - MERCED,MADERA,162,49,N/A,36.9618263,-120.0637252,Have not applied
2010008,MADERA CO MD10A-MADERA RANCHOS,DISTRICT 11 - MERCED,MADERA,3172,944,N/A,36.9618263,-120.0637252,Have not applied
2010011,MADERA CO SA1-INDIAN LAKES,DISTRICT 11 - MERCED,MADERA,1562,473,N/A,36.9618263,-120.0637252,Have not applied
2000729,MADERA CO SA16 SUMNER HILL-WATER SYSTEM,DISTRICT 11 - MERCED,MADERA,135,41,N/A,36.9618263,-120.0637252,Have not applied
2010006,MADERA CO SA3-PARKSDALE,DISTRICT 11 - MERCED,MADERA,1789,542,N/A,36.9618263,-120.0637252,Have not applied
2010010,MADERA VALLEY WATER COMPANY,DISTRICT 11 - MERCED,MADERA,6372,1944,N/A,37.0176226,-120.0748058,Have not applied
5700571,MADISON SERVICE DIST,LPA87 - YOLO COUNTY,YOLO,876,149,N/A,38.6780428,-121.9615308,Have not applied
2610001,MAMMOTH CWD,DISTRICT 13 - SAN BERNARDINO,MONO,8234,3455,N/A,37.6401721,-118.9736145,Have not applied
1210017,MANILA COMMUNITY SERVICES DIST.,DISTRICT 01 - KLAMATH,HUMBOLDT,750,362,N/A,40.8520506,-124.165516,Have not applied
3910005,MANTECA  CITY OF,DISTRICT 10 - STOCKTON,SAN JOAQUIN,84625,23436,N/A,37.8003546,-121.2322312,Have not applied
1910084,MAYWOOD MUTUAL WATER CO. #1,DISTRICT 16 - CENTRAL,LOS ANGELES,5500,1163,N/A,33.9866468,-118.1926476,Have not applied
1910085,MAYWOOD MUTUAL WATER CO. #2,DISTRICT 16 - CENTRAL,LOS ANGELES,7118,1924,N/A,33.9888213,-118.2020505,Have not applied
4710006,MCCLOUD C.S.D.,DISTRICT 01 - KLAMATH,SISKIYOU,1300,730,N/A,41.242143,-121.9653328,Have not applied
1510013,MCFARLAND  CITY OF,DISTRICT 12 - VISALIA,KERN,15506,2849,N/A,35.6777322,-119.2325778,Have not applied
2000549,MD 05 MOUNTAIN RANCHES,LPA50 - MADERA COUNTY,MADERA,239,27,N/A,36.9618263,-120.0637252,Have not applied
2000551,MD 07 MARINA VIEW HEIGHTS,LPA50 - MADERA COUNTY,MADERA,200,83,N/A,36.9618263,-120.0637252,Have not applied
2000561,MD 08 NORTH FORK WATER SYSTEM,LPA50 - MADERA COUNTY,MADERA,264,75,N/A,36.9618263,-120.0637252,Have not applied
2000552,MD 24 TEAFORD MEADOW LAKES,LPA50 - MADERA COUNTY,MADERA,150,66,N/A,36.9618263,-120.0637252,Have not applied
2000553,MD 28 RIPPERDAN SELF HELP,LPA50 - MADERA COUNTY,MADERA,48,17,N/A,36.9618263,-120.0637252,Have not applied
2000554,MD 33 FAIRMEAD,LPA50 - MADERA COUNTY,MADERA,568,164,N/A,36.9618263,-120.0637252,Have not applied
2000727,MD 36 EASTIN ARCOLA,LPA50 - MADERA COUNTY,MADERA,80,16,N/A,36.9618263,-120.0637252,Have not applied
2000728,MD 37 LA VINA,LPA50 - MADERA COUNTY,MADERA,350,100,N/A,36.9618263,-120.0637252,Have not applied
2000851,MD 40 SUNSET RIDGE ESTATES,LPA50 - MADERA COUNTY,MADERA,150,27,N/A,36.9618263,-120.0637252,Have not applied
2000557,MD 43 MIAMI CREEK KNOLLS,LPA50 - MADERA COUNTY,MADERA,100,26,N/A,36.9618263,-120.0637252,Have not applied
2000293,MD 46 AHWAHNEE RESORTS,LPA50 - MADERA COUNTY,MADERA,300,90,N/A,36.9618263,-120.0637252,Have not applied
2000865,MD 58 SIERRA HIGHLANDS,LPA50 - MADERA COUNTY,MADERA,75,25,N/A,36.9618263,-120.0637252,Have not applied
2000849,MD 60 DILLON ESTATES,LPA50 - MADERA COUNTY,MADERA,150,38,N/A,36.9618263,-120.0637252,Have not applied
2000757,MD 63 MEADOW SPRINGS RANCH,LPA50 - MADERA COUNTY,MADERA,300,85,N/A,36.9618263,-120.0637252,Have not applied
2000690,MD 73 QUARTZ MOUNTAIN,LPA50 - MADERA COUNTY,MADERA,375,127,N/A,36.9618263,-120.0637252,Have not applied
2000511,MD 85 VALETA,LPA50 - MADERA COUNTY,MADERA,45,20,N/A,36.9618263,-120.0637252,Have not applied
2000692,MD 95 RANCHOS WEST,LPA50 - MADERA COUNTY,MADERA,150,27,N/A,36.9618263,-120.0637252,Have not applied
5610005,MEINERS OAKS CWD,DISTRICT 06 - SANTA BARBARA,VENTURA,4200,1279,N/A,34.4489191,-119.2774064,Have not applied
1010021,MENDOTA  CITY OF,DISTRICT 23 - FRESNO,FRESNO,11104,2300,N/A,36.7544713,-120.3825058,Have not applied
1500401,METTLER COUNTY WATER DISTRICT,DISTRICT 19 - TEHACHAPI,KERN,157,43,N/A,35.063443,-118.970946,Have not applied
1900100,METTLER VALLEY MUTUAL,LPA49 - LA COUNTY,LOS ANGELES,135,98,N/A,34.7855806,-118.2493187,Have not applied
2800530,MEYERS WATER CO.,LPA58 - NAPA COUNTY,NAPA,250,100,N/A,38.198114,-122.3157699,Have not applied
4110001,MID-PENINSULA WATER DISTRICT,DISTRICT 17 - SANTA CLARA,SAN MATEO,28050,8095,N/A,37.5238299,-122.2685346,Have not applied
1510028,MIL POTRERO MWC,DISTRICT 19 - TEHACHAPI,KERN,1600,2354,N/A,34.8611703,-119.179765,Have not applied
4210019,MISSION HILLS CSD,DISTRICT 06 - SANTA BARBARA,SANTA BARBARA,3600,1271,N/A,34.6894732,-120.4318472,Have not applied
3310008,MISSION SPRINGS WD,DISTRICT 20 - RIVERSIDE,RIVERSIDE,38694,13049,N/A,33.9630275,-116.5001937,Have not applied
5010010,MODESTO  CITY OF,DISTRICT 10 - STOCKTON,STANISLAUS,219294,69918,N/A,37.7003707,-120.9299219,Have not applied
1910091,MONTEBELLO LAND & WATER CO.,DISTRICT 16 - CENTRAL,LOS ANGELES,26554,3932,N/A,34.0113675,-118.0961966,Have not applied
4210007,MONTECITO WATER DIST,DISTRICT 06 - SANTA BARBARA,SANTA BARBARA,11428,4632,N/A,34.4391204,-119.6327569,Have not applied
1910092,MONTEREY PARK-CITY  WATER DEPT.,DISTRICT 07 - HOLLYWOOD,LOS ANGELES,62183,13585,N/A,34.0590475,-118.12594,Have not applied
4510002,MOUNTAIN GATE C.S.D.,DISTRICT 02 - LASSEN,SHASTA,2227,669,N/A,40.7099462,-122.3356593,Have not applied
4710008,MT. SHASTA  CITY OF,DISTRICT 01 - KLAMATH,SISKIYOU,3642,1878,N/A,41.3133324,-122.312831,Have not applied
2810003,NAPA  CITY OF,DISTRICT 03 - MENDOCINO,NAPA,86906,25264,N/A,38.22965,-122.3220894,Have not applied
3610032,NEEDLES  CITY OF,DISTRICT 13 - SAN BERNARDINO,SAN BERNARDINO,5183,1706,N/A,34.8377095,-114.6060211,Have not applied
2910004,NEVADA ID - E. GEORGE  BANNER MOUNTAIN,DISTRICT 09 - SACRAMENTO,NEVADA,17233,6068,N/A,39.2257287,-121.0711313,Have not applied
3310025,NORCO  CITY OF,DISTRICT 20 - RIVERSIDE,RIVERSIDE,27564,7409,N/A,33.9231926,-117.561814,Have not applied
4110025,NORTH COAST COUNTY WATER DIST,DISTRICT 17 - SANTA CLARA,SAN MATEO,38546,11876,N/A,37.6304793,-122.490196,Have not applied
2110003,NORTH MARIN WATER DISTRICT,DISTRICT 18 - SONOMA,MARIN,61500,20071,N/A,38.1,-122.57,Have not applied
1500290,NORTH MUROC MUTUAL WATER COMPANY,DISTRICT 19 - TEHACHAPI,KERN,270,198,N/A,35.0274885,-117.8306162,Have not applied
5810006,NORTH YUBA WATER DISTRICT,DISTRICT 21 - VALLEY,YUBA,2772,785,N/A,39.4606991,-121.2849438,Have not applied
1910191,NORWALK - CITY  WATER DEPT.,DISTRICT 15 - METROPOLITAN,LOS ANGELES,12794,5320,N/A,33.9165918,-118.0614467,Have not applied
5602111,NYELAND ACRES MUTUAL WATER CO,DISTRICT 06 - SANTA BARBARA,VENTURA,915,183,N/A,34.22,-119.18,Have not applied
5610043,OAK PARK WATER SERVICE,DISTRICT 06 - SANTA BARBARA,VENTURA,12200,4603,N/A,34.2678719,-119.205136,Have not applied
5010014,OAKDALE  CITY OF,DISTRICT 10 - STOCKTON,STANISLAUS,22348,7932,N/A,37.7641679,-120.841505,Have not applied
3910023,OAKWOOD LAKE WATER DISTRICT-SUBDIVISION,DISTRICT 10 - STOCKTON,SAN JOAQUIN,1304,395,N/A,37.7764346,-121.283871,Have not applied
3710014,OCEANSIDE  CITY OF,DISTRICT 08 - SANTA ANA,SAN DIEGO,178021,44372,N/A,33.1979475,-117.3795323,Have not applied
5610014,OJAI WATER SYSTEM,DISTRICT 06 - SANTA BARBARA,VENTURA,6712,2902,N/A,34.4024833,-119.299922,Have not applied
1500096,OLD RIVER MUTUAL WATER COMPANY,DISTRICT 12 - VISALIA,KERN,128,14,N/A,35.3129204,-119.0544933,Have not applied
3710029,OLIVENHAIN MWD,DISTRICT 14 - SAN DIEGO,SAN DIEGO,86997,22669,N/A,33.0677662,-117.2468057,Have not applied
3110020,OLYMPIC VALLEY PSD,DISTRICT 02 - LASSEN,PLACER,1366,865,N/A,39.1630575,-120.2281933,Have not applied
3610034,ONTARIO MUNICIPAL UTILITIES COMPANY,DISTRICT 13 - SAN BERNARDINO,SAN BERNARDINO,185010,38846,N/A,34.0478562,-117.6360584,Have not applied
3410016,ORANGE VALE WATER COMPANY,DISTRICT 09 - SACRAMENTO,SACRAMENTO,18005,5684,N/A,38.6865117,-121.2195748,Have not applied
1200701,ORICK C.S.D.,DISTRICT 01 - KLAMATH,HUMBOLDT,450,141,N/A,41.2677058,-123.9273397,Have not applied
1200729,ORLEANS C.S.D.,DISTRICT 01 - KLAMATH,HUMBOLDT,636,167,N/A,41.3097656,-123.5983136,Have not applied
5610007,OXNARD WATER DEPT,DISTRICT 06 - SANTA BARBARA,VENTURA,200232,41157,N/A,34.2013005,-119.1756773,Have not applied
3710037,PADRE DAM MWD,DISTRICT 14 - SAN DIEGO,SAN DIEGO,92045,23163,N/A,32.8454385,-117.0051171,Have not applied
1206004,PALMER CREEK CSD,DISTRICT 01 - KLAMATH,HUMBOLDT,320,132,N/A,40.6071805,-124.1132746,Have not applied
1502465,PANAMA ROAD PROPERTY OWNERS ASSOC,DISTRICT 12 - VISALIA,KERN,45,16,N/A,35.2691711,-118.9764528,Have not applied
410007,PARADISE IRRIGATION DISTRICT,DISTRICT 21 - VALLEY,BUTTE,4600,2369,N/A,39.7685273,-121.599204,Have not applied
1910105,PARAMOUNT - CITY  WATER DEPT.,DISTRICT 07 - HOLLYWOOD,LOS ANGELES,55461,7381,N/A,33.8848232,-118.1611812,Have not applied
1910124,PASADENA-CITY  WATER DEPT.,DISTRICT 15 - METROPOLITAN,LOS ANGELES,170402,36448,N/A,34.1643912,-118.1561909,Have not applied
4010007,PASO ROBLES WATER DEPARTMENT,DISTRICT 06 - SANTA BARBARA,SAN LUIS OBISPO,31221,10727,N/A,35.6253893,-120.6905777,Have not applied
3700934,PAUMA VALLEY WATER COMPANY,DISTRICT 14 - SAN DIEGO,SAN DIEGO,193,101,N/A,33.3243386,-116.9616941,Have not applied
4910003,PENNGROVE WATER COMPANY (PUC),DISTRICT 18 - SONOMA,SONOMA,1712,520,N/A,38.4640695,-122.6630881,Have not applied
3310029,PERRIS  CITY OF,DISTRICT 20 - RIVERSIDE,RIVERSIDE,7854,2596,N/A,33.7759522,-117.2211742,Have not applied
2700687,PESANTE RD WS #02,LPA57 - MONTEREY COUNTY,MONTEREY,120,40,N/A,36.780892,-121.660806,Have not applied
4910006,PETALUMA  CITY OF,DISTRICT 18 - SONOMA,SONOMA,64251,20135,N/A,38.2513911,-122.6290472,Have not applied
1910042,PICO RIVERA - CITY  WATER DEPT.,DISTRICT 07 - HOLLYWOOD,LOS ANGELES,40205,9457,N/A,33.982496,-118.0885377,Have not applied
1910125,PICO WD,DISTRICT 07 - HOLLYWOOD,LOS ANGELES,25284,5335,N/A,33.9870228,-118.0947106,Have not applied
3700905,PINE HILLS MUTUAL WATER COMPANY,DISTRICT 14 - SAN DIEGO,SAN DIEGO,760,230,N/A,33.0157829,-116.4901981,Have not applied
4010008,PISMO BEACH WATER DEPARTMENT,DISTRICT 06 - SANTA BARBARA,SAN LUIS OBISPO,8180,4975,N/A,35.1576675,-120.6686588,Have not applied
3110024,PLACER CWA - ALTA,DISTRICT 02 - LASSEN,PLACER,875,270,N/A,38.9111705,-121.0806932,Have not applied
910003,PLACERVILLE  CITY OF - MAIN,DISTRICT 09 - SACRAMENTO,EL DORADO,10762,2795,N/A,38.7295053,-120.7976194,Have not applied
3210011,PLUMAS EUREKA CSD,DISTRICT 02 - LASSEN,PLUMAS,1525,554,N/A,39.7896769,-120.6504871,Have not applied
5410026,POPLAR COMM SERVICE DIST,DISTRICT 12 - VISALIA,TULARE,2200,597,N/A,36.07,-119.02,Have not applied
5410010,PORTERVILLE  CITY OF,DISTRICT 24 - TULARE,TULARE,65702,17063,N/A,36.0709791,-119.016487,Have not applied
5410048,PORTERVILLE-JONES CORNER,DISTRICT 24 - TULARE,TULARE,339,118,N/A,36.0709791,-119.016487,Have not applied
1910130,QUARTZ HILL WATER DIST.,DISTRICT 16 - CENTRAL,LOS ANGELES,20352,5814,N/A,34.6594669,-118.2200417,Have not applied
3301529,RAMONA WATER COMPANY,LPA63 - RIVERSIDE COUNTY,RIVERSIDE,250,95,N/A,33.5257713,-116.6317514,Have not applied
4000653,RANCHO COLINA MOBILE HOME PARK,LPA70 - SAN LUIS OBISPO COUNTY,SAN LUIS OBISPO,250,127,N/A,35.39044,-120.8394861,Have not applied
1500327,RANCHO SECO INC. WATER SYSTEM,DISTRICT 19 - TEHACHAPI,KERN,55,23,N/A,35.3028869,-117.9483319,Have not applied
3610037,REDLANDS CITY MUD-WATER DIV,DISTRICT 13 - SAN BERNARDINO,SAN BERNARDINO,78025,23644,N/A,34.0127473,-117.1617685,Have not applied
4100510,REDWOOD TERRACE MUTUAL,DISTRICT 17 - SANTA CLARA,SAN MATEO,43,17,N/A,37.3143466,-122.2939554,Have not applied
3410018,RIO LINDA/ELVERTA COMMUNITY WATER DIST,DISTRICT 09 - SACRAMENTO,SACRAMENTO,14381,4621,N/A,38.6890503,-121.4487871,Have not applied
3910007,RIPON  CITY OF,DISTRICT 10 - STOCKTON,SAN JOAQUIN,16292,5126,N/A,37.741654,-121.136061,Have not applied
5010018,RIVERBANK  CITY OF,DISTRICT 10 - STOCKTON,STANISLAUS,25244,6838,N/A,37.7362903,-120.9359539,Have not applied
5000019,RIVERDALE PARK TRACT CSD,LPA80 - STANISLAUS COUNTY,STANISLAUS,610,182,N/A,37.7208684,-121.0220422,Have not applied
3610057,RIVERSIDE HIGHLAND WATER COMPANY,DISTRICT 13 - SAN BERNARDINO,SAN BERNARDINO,18691,5335,N/A,34.0289402,-117.3232212,Have not applied
2010016,RIVERSTONE/ROOTCREEK WATER DISTRICT,DISTRICT 11 - MERCED,MADERA,2270,742,N/A,36.8518417,-119.771181,Have not applied
3310044,RUBIDOUX COMMUNITY SD,DISTRICT 20 - RIVERSIDE,RIVERSIDE,36827,6337,N/A,33.9953859,-117.4130737,Have not applied
1910140,RUBIO CANON LAND & WATER ASSOCIATION,DISTRICT 16 - CENTRAL,LOS ANGELES,9600,3128,N/A,34.1819329,-118.1384862,Have not applied
2000724,SA 14 CHUK CHANSE SUBDIVISION,LPA50 - MADERA COUNTY,MADERA,100,31,N/A,36.9618263,-120.0637252,Have not applied
5304501,SALYER MUTUAL WC (FORMERLY RIVERVIEW AC),DISTRICT 01 - KLAMATH,TRINITY,231,70,N/A,40.8706481,-123.4594869,Have not applied
3710020,SAN DIEGO  CITY OF,DISTRICT 14 - SAN DIEGO,SAN DIEGO,1394515,277703,N/A,32.8352425,-117.1353911,Have not applied
1910144,SAN GABRIEL COUNTY WD,DISTRICT 07 - HOLLYWOOD,LOS ANGELES,45000,9287,N/A,34.0914177,-118.0869967,Have not applied
2701904,SAN JERARDO COOP WS,LPA57 - MONTEREY COUNTY,MONTEREY,249,67,N/A,36.6740696,-121.6597675,Have not applied
1010034,SAN JOAQUIN  CITY OF,DISTRICT 23 - FRESNO,FRESNO,4060,730,N/A,36.5882949,-120.182022,Have not applied
3510002,SAN JUAN BAUTISTA  CITY OF,DISTRICT 05 - MONTEREY,SAN BENITO,2335,834,N/A,36.8322484,-121.5141615,Have not applied
2400209,SAN LUIS HILLS,DISTRICT 11 - MERCED,MERCED,300,65,N/A,37.0583373,-120.8499249,Have not applied
4000568,SAN SIMEON CSD,DISTRICT 06 - SANTA BARBARA,SAN LUIS OBISPO,462,206,N/A,35.6177206,-121.1446154,Have not applied
4310027,SANTA CLARA VALLEY WATER DISTRICT,DISTRICT 17 - SANTA CLARA,SANTA CLARA,0,0,N/A,37.2453331,-121.8733673,Have not applied
3710023,SANTA FE I.D.,DISTRICT 14 - SAN DIEGO,SAN DIEGO,21549,6530,N/A,33.0196832,-117.2075304,Have not applied
3010101,SANTA MARGARITA WATER DISTRICT,DISTRICT 08 - SANTA ANA,ORANGE,161264,56060,N/A,33.5813337,-117.6328955,Have not applied
1910146,SANTA MONICA-CITY  WATER DIVISION,DISTRICT 16 - CENTRAL,LOS ANGELES,91411,16970,N/A,34.0193805,-118.4971165,Have not applied
4910009,SANTA ROSA  CITY OF,DISTRICT 18 - SONOMA,SONOMA,173648,53106,N/A,38.442619,-122.7515584,Have not applied
707574,SANTIAGO ISLAND VILLAGE,DISTRICT 04 - SAN FRANCISCO,CONTRA COSTA,400,211,N/A,33.7653884,-117.8514524,Have not applied
1910147,SATIVA WATER SYSTEM,DISTRICT 22 - ANGELES,LOS ANGELES,6837,1643,N/A,33.9078641,-118.23591,Have not applied
3610121,SBDNO COUNTY SERVICE AREA 64,DISTRICT 13 - SAN BERNARDINO,SAN BERNARDINO,14678,3967,N/A,34.0679405,-117.2878623,Have not applied
3610026,SBDNO COUNTY SERVICE AREA 70 CEDAR GLEN,DISTRICT 13 - SAN BERNARDINO,SAN BERNARDINO,1236,342,N/A,34.0679405,-117.2878623,Have not applied
3610125,SBDNO COUNTY SERVICE AREA 70J,DISTRICT 13 - SAN BERNARDINO,SAN BERNARDINO,12513,3382,N/A,34.0679405,-117.2878623,Have not applied
1210010,SCOTIA CSD,DISTRICT 01 - KLAMATH,HUMBOLDT,850,304,N/A,40.4451891,-124.0075476,Have not applied
4410013,SCOTTS VALLEY WATER DISTRICT,DISTRICT 05 - MONTEREY,SANTA CRUZ,10709,3863,N/A,37.0496128,-122.0171701,Have not applied
2710018,SEASIDE MUNICIPAL WATER SYSTEM,DISTRICT 05 - MONTEREY,MONTEREY,2800,786,N/A,36.6035367,-121.8535035,Have not applied
4910011,SEBASTOPOL  CITY OF,DISTRICT 18 - SONOMA,SONOMA,7786,2953,N/A,38.4082548,-122.8214268,Have not applied
1310013,SEELEY CWD,DISTRICT 14 - SAN DIEGO,IMPERIAL,2010,377,N/A,32.7908378,-115.6939036,Have not applied
3010082,SERRANO WATER DISTRICT,DISTRICT 08 - SANTA ANA,ORANGE,5895,2254,N/A,33.8082047,-117.8174734,Have not applied
3810011,SFPUC CITY DISTRIBUTION DIVISION,DISTRICT 04 - SAN FRANCISCO,SAN FRANCISCO,884363,170842,N/A,37.5951851,-122.3761924,Have not applied
410006,SFWP-MINERS RANCH,DISTRICT 21 - VALLEY,BUTTE,22780,6909,N/A,39.5089814,-121.5394311,Have not applied
1510019,SHAFTER  CITY OF,DISTRICT 12 - VISALIA,KERN,20500,4847,N/A,35.50161,-119.2734688,Have not applied
4510013,SHASTA C.S.D.,DISTRICT 02 - LASSEN,SHASTA,1584,652,N/A,40.6172324,-122.4811771,Have not applied
3610109,SHEEP CREEK WATER COMPANY,DISTRICT 13 - SAN BERNARDINO,SAN BERNARDINO,3623,1191,N/A,34.43,-117.57,Have not applied
4810026,SID - PEABODY,DISTRICT 04 - SAN FRANCISCO,SOLANO,66,17,N/A,38.3939412,-121.9561729,Have not applied
5400964,SIERRA VISTA ASSN,DISTRICT 24 - TULARE,TULARE,44,13,N/A,35.7949326,-119.1623231,Have not applied
1910149,SIGNAL HILL - CITY  WATER DEPT.,DISTRICT 07 - HOLLYWOOD,LOS ANGELES,11795,3123,N/A,33.8094002,-118.1652948,Have not applied
5500077,SLIDE INN SNOWBOWL WATER CO,DISTRICT 11 - MERCED,TUOLUMNE,417,153,N/A,37.9768028,-120.3666099,Have not applied
4010028,SLO CSA NO. 16 - SHANDON,DISTRICT 06 - SANTA BARBARA,SAN LUIS OBISPO,1347,340,N/A,35.2820903,-120.6601636,Have not applied
4010024,SLO CWWD NO. 23 - SANTA MARGARITA,DISTRICT 06 - SANTA BARBARA,SAN LUIS OBISPO,1259,503,N/A,35.2820903,-120.6601636,Have not applied
4010901,SLOCSA #10A - CAYUCOS,DISTRICT 06 - SANTA BARBARA,SAN LUIS OBISPO,1200,771,N/A,35.2820903,-120.6601636,Have not applied
1910006,SO. CAL. EDISON CO.-SANTA CATALINA,DISTRICT 16 - CENTRAL,LOS ANGELES,4096,1886,N/A,33.3614631,-118.4396756,Have not applied
5602130,SOLANO VERDE MUTUAL WATER CO,DISTRICT 06 - SANTA BARBARA,VENTURA,100,34,N/A,34.2222775,-119.0687659,Have not applied
2710011,SOLEDAD  CITY OF,DISTRICT 05 - MONTEREY,MONTEREY,16729,4139,N/A,36.4176405,-121.3998995,Have not applied
4210013,SOLVANG WATER DIVISION,DISTRICT 06 - SANTA BARBARA,SANTA BARBARA,5792,2190,N/A,34.5935985,-120.1414736,Have not applied
4910012,SONOMA  CITY OF,DISTRICT 18 - SONOMA,SONOMA,11923,4336,N/A,38.2927734,-122.4577368,Have not applied
4410017,SOQUEL CREEK WATER DISTRICT,DISTRICT 05 - MONTEREY,SANTA CRUZ,40644,14464,N/A,36.9870479,-121.9500526,Have not applied
3010042,SOUTH COAST WATER DISTRICT,DISTRICT 08 - SANTA ANA,ORANGE,34232,12347,N/A,33.5057359,-117.7424914,Have not applied
5403113,SOUTH FORK ESTATES MUTUAL WATER CO,DISTRICT 24 - TULARE,TULARE,92,39,N/A,36.4495198,-118.7198004,Have not applied
2810004,ST. HELENA  CITY OF,DISTRICT 03 - MENDOCINO,NAPA,6152,2547,N/A,38.4991522,-122.4663394,Have not applied
1910205,SUBURBAN WATER SYSTEMS-SAN JOSE,DISTRICT 07 - HOLLYWOOD,LOS ANGELES,171182,39981,N/A,34.103624,-117.8733553,Have not applied
4810005,SUISUN-SOLANO WATER AUTHORITY,DISTRICT 04 - SAN FRANCISCO,SOLANO,29917,8711,N/A,38.3939412,-121.9561729,Have not applied
1910157,SUNNY SLOPE WATER CO.,DISTRICT 15 - METROPOLITAN,LOS ANGELES,30700,6325,N/A,34.1299874,-118.0886561,Have not applied
3510003,SUNNYSLOPE COUNTY WATER DIST,DISTRICT 05 - MONTEREY,SAN BENITO,22902,6579,N/A,36.8171246,-121.367609,Have not applied
1700536,SUNRISE SHORE MUTUAL WATER COMPANY,DISTRICT 03 - MENDOCINO,LAKE,83,42,N/A,38.9377591,-122.6554917,Have not applied
5100107,SUTTER CO. WWD#1 (ROBBINS),DISTRICT 21 - VALLEY,SUTTER,339,94,N/A,39.1436342,-121.6402134,Have not applied
5110007,SUTTER COMMUNITY S.D.,DISTRICT 21 - VALLEY,SUTTER,2904,1080,N/A,39.1812574,-121.7993168,Have not applied
3110049,TAHOE PARK WATER CO - SKYLAND/NIELSEN,DISTRICT 02 - LASSEN,PLACER,50,92,N/A,38.6396409,-121.0704805,Have not applied
2710023,TASCO SPRECKELS WATER COMPANY,DISTRICT 05 - MONTEREY,MONTEREY,1079,328,N/A,36.7,-121.67,Have not applied
3310074,TEMESCAL VALLEY WATER DISTRICT,DISTRICT 20 - RIVERSIDE,RIVERSIDE,19034,5941,N/A,33.7944621,-117.4954154,Have not applied
4010019,TEMPLETON CSD,DISTRICT 06 - SANTA BARBARA,SAN LUIS OBISPO,9322,2957,N/A,35.5316951,-120.7464897,Have not applied
3610048,TERRACE WATER COMPANY,DISTRICT 13 - SAN BERNARDINO,SAN BERNARDINO,2000,605,N/A,34.0800039,-117.3428026,Have not applied
1900154,TIERRA BONITA MUTUAL WATER,LPA49 - LA COUNTY,LOS ANGELES,75,32,N/A,34.6690411,-118.0326516,Have not applied
1910213,TORRANCE-CITY  WATER DEPT.,DISTRICT 15 - METROPOLITAN,LOS ANGELES,108649,26253,N/A,33.8456082,-118.3430901,Have not applied
1910159,TRACT 180 MUTUAL WATER CO.,DISTRICT 07 - HOLLYWOOD,LOS ANGELES,14000,1184,N/A,33.9699972,-118.1869366,Have not applied
1910160,TRACT 349 MUTUAL WATER CO.,DISTRICT 07 - HOLLYWOOD,LOS ANGELES,7500,922,N/A,33.9607527,-118.1867066,Have not applied
5400903,TRACT 92  CSD,DISTRICT 24 - TULARE,TULARE,500,93,N/A,36.3036623,-119.205924,Have not applied
3500509,TRES PINOS CWD,DISTRICT 05 - MONTEREY,SAN BENITO,350,116,N/A,36.7770944,-121.1366715,Have not applied
2910003,TRUCKEE-DONNER PUD  MAIN,DISTRICT 09 - SACRAMENTO,NEVADA,36730,13293,N/A,39.3265231,-120.2129485,Have not applied
5510001,TUD - SONORA/JAMESTOWN WATER SYSTEM,DISTRICT 11 - MERCED,TUOLUMNE,10396,5053,N/A,37.9619439,-120.3244065,Have not applied
5010019,TURLOCK  CITY OF,DISTRICT 10 - STOCKTON,STANISLAUS,74297,19038,N/A,37.4921487,-120.8469533,Have not applied
5510005,TWAIN HARTE COMMUNITY SERVICES DISTRICT,DISTRICT 11 - MERCED,TUOLUMNE,2226,1582,N/A,38.0380251,-120.2304955,Have not applied
3610049,TWENTYNINE PALMS WATER DISTRICT,DISTRICT 13 - SAN BERNARDINO,SAN BERNARDINO,18795,7437,N/A,34.1356099,-116.0542941,Have not applied
2310003,UKIAH  CITY OF,DISTRICT 03 - MENDOCINO,MENDOCINO,15995,4781,N/A,39.1468284,-123.2102073,Have not applied
510001,UNION PUBLIC UTILITY DISTRICT,DISTRICT 10 - STOCKTON,CALAVERAS,4620,1679,N/A,38.1374157,-120.4628075,Have not applied
3710002,VALLECITOS WD,DISTRICT 14 - SAN DIEGO,SAN DIEGO,105513,21927,N/A,33.1437187,-117.1799431,Have not applied
3710026,VALLEY CENTER MWD,DISTRICT 14 - SAN DIEGO,SAN DIEGO,28507,9023,N/A,33.2300939,-117.0087877,Have not applied
510010,VALLEY SPRINGS PUD,DISTRICT 10 - STOCKTON,CALAVERAS,900,263,N/A,38.1922157,-120.8318738,Have not applied
1500569,VALLEY VIEW ESTATES MUTUAL WATER CO,DISTRICT 19 - TEHACHAPI,KERN,94,50,N/A,35.224821,-118.61481,Have not applied
1510029,VAUGHN WC INC,DISTRICT 12 - VISALIA,KERN,33420,11099,N/A,35.3777638,-119.1138208,Have not applied
5610023,VENTURA WWD NO. 8 - SIMI VALLEY,DISTRICT 06 - SANTA BARBARA,VENTURA,94738,25667,N/A,34.2856206,-118.8112464,Have not applied
1910167,VERNON-CITY  WATER DEPT.,DISTRICT 15 - METROPOLITAN,LOS ANGELES,28000,1077,N/A,34.0047215,-118.2308703,Have not applied
3610052,VICTORVILLE WATER DISTRICT,DISTRICT 13 - SAN BERNARDINO,SAN BERNARDINO,124653,36668,N/A,34.51403,-117.36324,Have not applied
4400595,VILLA DEL MONTE MWC,DISTRICT 05 - MONTEREY,SANTA CRUZ,419,127,N/A,36.778261,-119.4179324,Have not applied
5610029,VINEYARD AVENUE ACRES MWC,DISTRICT 06 - SANTA BARBARA,VENTURA,1820,336,N/A,34.22,-119.18,Have not applied
2400201,VOLTA COMMUNITY SD,DISTRICT 11 - MERCED,MERCED,156,44,N/A,37.0583373,-120.8499249,Have not applied
1510021,WASCO  CITY OF,DISTRICT 12 - VISALIA,KERN,24046,5242,N/A,35.5924785,-119.3341776,Have not applied
4410011,WATSONVILLE  CITY OF,DISTRICT 05 - MONTEREY,SANTA CRUZ,65384,14474,N/A,36.8879028,-121.7835407,Have not applied
4300543,WEST SAN MARTIN WATER WORKS INC,DISTRICT 17 - SANTA CLARA,SANTA CLARA,1173,317,N/A,37.068293,-121.61994,Have not applied
4110027,WESTBOROUGH WATER DISTRICT,DISTRICT 17 - SANTA CLARA,SAN MATEO,14050,3866,N/A,37.65,-122.41,Have not applied
3610053,WESTERN HEIGHTS WATER COMPANY,DISTRICT 13 - SAN BERNARDINO,SAN BERNARDINO,7521,2340,N/A,34.0305062,-117.0981398,Have not applied
1910173,WHITTIER-CITY  WATER DEPT.,DISTRICT 07 - HOLLYWOOD,LOS ANGELES,49954,11562,N/A,33.9748392,-118.0333377,Have not applied
1500455,WILLIAM FISHER MEMORIAL WATER COMPANY,DISTRICT 19 - TEHACHAPI,KERN,56,16,N/A,35.3129204,-119.0544933,Have not applied
4910017,WINDSOR  TOWN OF,DISTRICT 18 - SONOMA,SONOMA,28397,8965,N/A,38.5467657,-122.8197329,Have not applied
5410020,WOODLAKE  CITY OF,DISTRICT 24 - TULARE,TULARE,7950,1957,N/A,36.4182968,-119.0985815,Have not applied
5400647,YOKOHL MUTUAL WATER CO,DISTRICT 24 - TULARE,TULARE,95,32,N/A,36.3144529,-119.3023683,Have not applied
5700615,YOLO CO HOUSING AUTHORITY-EL RIO VILLA,LPA87 - YOLO COUNTY,YOLO,432,113,N/A,38.6769816,-121.7906836,Have not applied
3610055,YUCAIPA VALLEY WATER DISTRICT,DISTRICT 13 - SAN BERNARDINO,SAN BERNARDINO,51558,13462,N/A,34.0593543,-117.0087877,Have not applied
